,Country,Year,Beer consumption,Wine consumption,Spirit consumption,Total consumption
0,Alabama,2019,1.02,0.26,0.71,2.0
1,Alabama,2018,1.04,0.26,0.69,1.99
2,Alabama,2017,1.07,0.26,0.67,2.0
3,Alabama,2016,1.09,0.26,0.65,2.01
4,Alabama,2015,1.11,0.26,0.64,2.01
5,Alabama,2014,1.13,0.25,0.62,2.0
6,Alabama,2013,1.14,0.25,0.6,1.99
7,Alabama,2012,1.16,0.24,0.6,2.0
8,Alabama,2011,1.16,0.24,0.59,1.98
9,Alabama,2010,1.17,0.23,0.58,1.98
10,Alabama,2009,1.19,0.22,0.57,1.98
11,Alabama,2008,1.22,0.22,0.57,2.01
12,Alabama,2007,1.23,0.22,0.55,2.0
13,Alabama,2006,1.21,0.21,0.54,1.95
14,Alabama,2005,1.18,0.2,0.53,1.91
15,Alabama,2004,1.19,0.2,0.52,1.91
16,Alabama,2003,1.19,0.19,0.52,1.9
17,Alabama,2002,1.18,0.21,0.54,1.92
18,Alabama,2001,1.16,0.17,0.53,1.86
19,Alabama,2000,1.19,0.18,0.51,1.88
20,Alabama,1999,1.18,0.17,0.51,1.87
21,Alabama,1998,1.16,0.17,0.51,1.85
22,Alabama,1997,1.14,0.16,0.52,1.82
23,Alabama,1996,1.17,0.18,0.53,1.88
24,Alabama,1995,1.14,0.16,0.53,1.82
25,Alabama,1994,1.16,0.17,0.54,1.87
26,Alabama,1993,1.14,0.17,0.56,1.86
27,Alabama,1992,1.02,0.19,0.59,1.79
28,Alabama,1991,1.0,0.17,0.59,1.76
29,Alabama,1990,1.12,0.18,0.61,1.92
30,Alabama,1989,1.12,0.17,0.61,1.9
31,Alabama,1988,1.12,0.19,0.62,1.92
32,Alabama,1987,1.11,0.18,0.62,1.91
33,Alabama,1986,1.1,0.18,0.65,1.92
34,Alabama,1985,1.07,0.17,0.67,1.92
35,Alabama,1984,1.03,0.19,0.69,1.91
36,Alabama,1983,1.01,0.17,0.72,1.9
37,Alabama,1982,1.0,0.18,0.72,1.9
38,Alabama,1981,1.0,0.19,0.73,1.91
39,Alabama,1980,0.95,0.16,0.74,1.86
40,Alabama,1979,0.96,0.12,0.82,1.9
41,Alabama,1978,0.95,0.12,0.85,1.92
42,Alabama,1977,0.97,0.12,0.82,1.92
43,Alaska,2019,1.08,0.53,1.27,2.88
44,Alaska,2018,1.07,0.53,1.26,2.86
45,Alaska,2017,1.06,0.53,1.21,2.8
46,Alaska,2016,1.15,0.56,1.23,2.94
47,Alaska,2015,1.11,0.53,1.2,2.84
48,Alaska,2014,1.11,0.52,1.17,2.8
49,Alaska,2013,1.07,0.52,1.17,2.75
50,Alaska,2012,1.17,0.53,1.13,2.83
51,Alaska,2011,1.15,0.54,1.17,2.86
52,Alaska,2010,1.23,0.55,1.25,3.03
53,Alaska,2009,1.32,0.54,1.16,3.02
54,Alaska,2008,1.2,0.49,1.09,2.78
55,Alaska,2007,1.13,0.44,0.96,2.53
56,Alaska,2006,1.25,0.47,1.03,2.75
57,Alaska,2005,1.23,0.43,0.98,2.64
58,Alaska,2004,1.31,0.44,0.95,2.71
59,Alaska,2003,1.27,0.37,0.79,2.43
60,Alaska,2002,1.35,0.45,1.19,2.99
61,Alaska,2001,1.32,0.38,0.96,2.67
62,Alaska,2000,1.37,0.37,0.94,2.68
63,Alaska,1999,1.4,0.38,0.95,2.74
64,Alaska,1998,1.39,0.37,0.95,2.71
65,Alaska,1997,1.31,0.36,0.88,2.56
66,Alaska,1996,1.31,0.38,0.94,2.63
67,Alaska,1995,1.45,0.39,1.02,2.86
68,Alaska,1994,1.53,0.4,1.1,3.03
69,Alaska,1993,1.31,0.32,0.92,2.55
70,Alaska,1992,1.53,0.41,1.08,3.02
71,Alaska,1991,1.54,0.43,1.14,3.11
72,Alaska,1990,1.62,0.46,1.25,3.33
73,Alaska,1989,1.52,0.44,1.19,3.15
74,Alaska,1988,1.54,0.47,1.19,3.21
75,Alaska,1987,1.6,0.52,1.26,3.38
76,Alaska,1986,1.65,0.55,1.25,3.45
77,Alaska,1985,1.63,0.56,1.48,3.68
78,Alaska,1984,1.67,0.56,1.5,3.72
79,Alaska,1983,1.71,0.59,1.65,3.95
80,Alaska,1982,1.69,0.54,1.68,3.92
81,Alaska,1981,1.68,0.56,1.79,4.02
82,Alaska,1980,1.54,0.5,1.68,3.72
83,Alaska,1979,1.48,0.46,1.63,3.58
84,Alaska,1978,1.39,0.45,1.67,3.51
85,Alaska,1977,1.19,0.42,1.69,3.3
86,Arizona,2019,1.06,0.38,0.8,2.24
87,Arizona,2018,1.08,0.39,0.79,2.26
88,Arizona,2017,1.11,0.39,0.79,2.29
89,Arizona,2016,1.14,0.4,0.79,2.32
90,Arizona,2015,1.16,0.4,0.78,2.34
91,Arizona,2014,1.18,0.4,0.79,2.37
92,Arizona,2013,1.12,0.42,0.81,2.35
93,Arizona,2012,1.14,0.45,0.84,2.43
94,Arizona,2011,1.15,0.44,0.8,2.39
95,Arizona,2010,1.23,0.41,0.76,2.39
96,Arizona,2009,1.22,0.39,0.77,2.38
97,Arizona,2008,1.3,0.41,0.77,2.48
98,Arizona,2007,1.39,0.34,0.78,2.51
99,Arizona,2006,1.34,0.38,0.79,2.51
100,Arizona,2005,1.35,0.4,0.76,2.51
101,Arizona,2004,1.4,0.34,0.71,2.44
102,Arizona,2003,1.41,0.37,0.71,2.49
103,Arizona,2002,1.46,0.33,0.69,2.48
104,Arizona,2001,1.47,0.33,0.7,2.5
105,Arizona,2000,1.48,0.31,0.71,2.5
106,Arizona,1999,1.47,0.34,0.69,2.51
107,Arizona,1998,1.44,0.33,0.68,2.45
108,Arizona,1997,1.45,0.31,0.68,2.44
109,Arizona,1996,1.52,0.33,0.73,2.58
110,Arizona,1995,1.47,0.29,0.68,2.44
111,Arizona,1994,1.52,0.29,0.7,2.5
112,Arizona,1993,1.58,0.27,0.76,2.62
113,Arizona,1992,1.58,0.31,0.8,2.69
114,Arizona,1991,1.58,0.35,0.78,2.71
115,Arizona,1990,1.59,0.37,0.8,2.77
116,Arizona,1989,1.63,0.35,0.83,2.81
117,Arizona,1988,1.6,0.41,0.86,2.87
118,Arizona,1987,1.64,0.45,0.84,2.93
119,Arizona,1986,1.74,0.45,0.9,3.09
120,Arizona,1985,1.66,0.45,0.99,3.11
121,Arizona,1984,1.55,0.44,1.05,3.04
122,Arizona,1983,1.6,0.43,0.99,3.02
123,Arizona,1982,1.71,0.39,0.98,3.07
124,Arizona,1981,1.76,0.42,1.0,3.18
125,Arizona,1980,1.68,0.36,0.97,3.01
126,Arizona,1979,1.71,0.36,1.07,3.15
127,Arizona,1978,1.66,0.35,1.03,3.04
128,Arizona,1977,1.6,0.32,0.99,2.92
129,Arkansas,2019,0.87,0.24,0.7,1.81
130,Arkansas,2018,0.9,0.24,0.65,1.78
131,Arkansas,2017,0.92,0.23,0.67,1.82
132,Arkansas,2016,0.93,0.22,0.65,1.8
133,Arkansas,2015,0.97,0.22,0.65,1.83
134,Arkansas,2014,0.96,0.21,0.62,1.79
135,Arkansas,2013,1.0,0.2,0.6,1.8
136,Arkansas,2012,1.0,0.2,0.6,1.8
137,Arkansas,2011,0.97,0.18,0.56,1.72
138,Arkansas,2010,1.02,0.19,0.57,1.77
139,Arkansas,2009,1.03,0.17,0.57,1.78
140,Arkansas,2008,1.05,0.17,0.55,1.77
141,Arkansas,2007,1.02,0.15,0.51,1.69
142,Arkansas,2006,1.05,0.16,0.54,1.75
143,Arkansas,2005,1.03,0.15,0.5,1.67
144,Arkansas,2004,1.04,0.15,0.49,1.68
145,Arkansas,2003,1.06,0.14,0.56,1.77
146,Arkansas,2002,1.09,0.14,0.53,1.75
147,Arkansas,2001,1.08,0.13,0.53,1.74
148,Arkansas,2000,1.09,0.12,0.53,1.74
149,Arkansas,1999,1.09,0.12,0.54,1.75
150,Arkansas,1998,1.1,0.11,0.51,1.73
151,Arkansas,1997,1.07,0.12,0.52,1.71
152,Arkansas,1996,1.07,0.12,0.53,1.72
153,Arkansas,1995,1.06,0.11,0.51,1.68
154,Arkansas,1994,1.06,0.13,0.46,1.65
155,Arkansas,1993,1.1,0.11,0.58,1.79
156,Arkansas,1992,1.13,0.12,0.65,1.9
157,Arkansas,1991,1.12,0.11,0.58,1.81
158,Arkansas,1990,1.12,0.13,0.61,1.86
159,Arkansas,1989,1.1,0.13,0.58,1.82
160,Arkansas,1988,1.09,0.14,0.54,1.78
161,Arkansas,1987,1.09,0.11,0.53,1.74
162,Arkansas,1986,1.08,0.09,0.49,1.65
163,Arkansas,1985,1.04,0.13,0.59,1.77
164,Arkansas,1984,1.03,0.12,0.64,1.8
165,Arkansas,1983,1.03,0.13,0.63,1.79
166,Arkansas,1982,1.03,0.12,0.63,1.78
167,Arkansas,1981,1.06,0.12,0.68,1.86
168,Arkansas,1980,1.0,0.12,0.68,1.81
169,Arkansas,1979,0.9,0.09,0.55,1.54
170,Arkansas,1978,0.95,0.11,0.71,1.76
171,Arkansas,1977,0.89,0.1,0.61,1.61
172,California,2019,1.05,0.61,0.9,2.55
173,California,2018,1.03,0.61,0.88,2.52
174,California,2017,0.95,0.58,0.79,2.31
175,California,2016,0.96,0.6,0.78,2.34
176,California,2015,1.0,0.53,0.75,2.28
177,California,2014,1.0,0.6,0.73,2.33
178,California,2013,0.98,0.6,0.75,2.34
179,California,2012,0.99,0.63,0.74,2.36
180,California,2011,0.95,0.58,0.72,2.25
181,California,2010,0.97,0.49,0.71,2.16
182,California,2009,1.01,0.57,0.7,2.28
183,California,2008,1.05,0.55,0.7,2.3
184,California,2007,1.06,0.54,0.7,2.3
185,California,2006,1.02,0.56,0.7,2.29
186,California,2005,1.03,0.54,0.69,2.26
187,California,2004,1.07,0.52,0.67,2.25
188,California,2003,1.07,0.51,0.65,2.23
189,California,2002,1.08,0.49,0.64,2.21
190,California,2001,1.09,0.48,0.63,2.2
191,California,2000,1.12,0.48,0.64,2.24
192,California,1999,1.12,0.48,0.62,2.22
193,California,1998,1.11,0.49,0.61,2.21
194,California,1997,1.14,0.52,0.62,2.28
195,California,1996,1.13,0.5,0.64,2.27
196,California,1995,1.15,0.46,0.63,2.24
197,California,1994,1.09,0.47,0.68,2.24
198,California,1993,1.17,0.48,0.69,2.35
199,California,1992,1.28,0.51,0.75,2.54
200,California,1991,1.22,0.49,0.75,2.46
201,California,1990,1.32,0.59,0.87,2.78
202,California,1989,1.29,0.6,0.85,2.75
203,California,1988,1.32,0.67,0.88,2.86
204,California,1987,1.35,0.73,0.92,3.0
205,California,1986,1.35,0.78,0.95,3.08
206,California,1985,1.32,0.78,1.02,3.11
207,California,1984,1.37,0.73,1.06,3.16
208,California,1983,1.36,0.74,1.1,3.21
209,California,1982,1.37,0.72,1.13,3.22
210,California,1981,1.43,0.72,1.2,3.35
211,California,1980,1.41,0.71,1.24,3.36
212,California,1979,1.39,0.68,1.25,3.32
213,California,1978,1.33,0.67,1.29,3.28
214,California,1977,1.29,0.65,1.25,3.19
215,Colorado,2019,1.17,0.47,1.14,2.79
216,Colorado,2018,1.14,0.52,1.23,2.88
217,Colorado,2017,1.14,0.51,1.19,2.84
218,Colorado,2016,1.14,0.51,1.16,2.82
219,Colorado,2015,1.12,0.51,1.14,2.77
220,Colorado,2014,1.14,0.51,1.11,2.77
221,Colorado,2013,1.2,0.5,1.11,2.81
222,Colorado,2012,1.15,0.52,1.08,2.76
223,Colorado,2011,1.2,0.49,1.04,2.73
224,Colorado,2010,1.22,0.48,1.01,2.71
225,Colorado,2009,1.23,0.46,1.01,2.7
226,Colorado,2008,1.28,0.47,1.02,2.77
227,Colorado,2007,1.3,0.47,1.01,2.78
228,Colorado,2006,1.29,0.45,0.98,2.72
229,Colorado,2005,1.31,0.42,0.99,2.72
230,Colorado,2004,1.3,0.43,0.95,2.68
231,Colorado,2003,1.33,0.4,0.87,2.6
232,Colorado,2002,1.35,0.39,0.9,2.64
233,Colorado,2001,1.42,0.41,0.96,2.78
234,Colorado,2000,1.35,0.37,0.89,2.6
235,Colorado,1999,1.33,0.37,0.75,2.45
236,Colorado,1998,1.33,0.37,0.83,2.53
237,Colorado,1997,1.3,0.37,0.81,2.48
238,Colorado,1996,1.36,0.37,0.84,2.57
239,Colorado,1995,1.34,0.35,0.78,2.47
240,Colorado,1994,1.36,0.35,0.84,2.55
241,Colorado,1993,1.4,0.36,0.86,2.63
242,Colorado,1992,1.34,0.36,0.81,2.52
243,Colorado,1991,1.39,0.35,0.87,2.61
244,Colorado,1990,1.35,0.29,0.75,2.39
245,Colorado,1989,1.42,0.38,0.85,2.64
246,Colorado,1988,1.44,0.4,0.92,2.76
247,Colorado,1987,1.45,0.45,0.94,2.84
248,Colorado,1986,1.49,0.47,0.95,2.9
249,Colorado,1985,1.48,0.5,1.18,3.17
250,Colorado,1984,1.51,0.46,1.12,3.1
251,Colorado,1983,1.57,0.46,1.12,3.15
252,Colorado,1982,1.63,0.46,1.17,3.26
253,Colorado,1981,1.62,0.44,1.26,3.32
254,Colorado,1980,1.56,0.46,1.31,3.33
255,Colorado,1979,1.63,0.46,1.33,3.42
256,Colorado,1978,1.6,0.46,1.39,3.46
257,Colorado,1977,1.4,0.36,1.19,2.95
258,Connecticut,2019,0.81,0.6,1.07,2.47
259,Connecticut,2018,0.8,0.6,1.01,2.4
260,Connecticut,2017,0.82,0.6,0.99,2.41
261,Connecticut,2016,0.85,0.62,0.98,2.44
262,Connecticut,2015,0.85,0.61,0.95,2.41
263,Connecticut,2014,0.84,0.6,0.92,2.36
264,Connecticut,2013,0.85,0.61,0.91,2.37
265,Connecticut,2012,0.86,0.61,0.91,2.38
266,Connecticut,2011,0.86,0.62,0.88,2.35
267,Connecticut,2010,0.88,0.6,0.87,2.35
268,Connecticut,2009,0.88,0.59,0.85,2.31
269,Connecticut,2008,0.93,0.58,0.85,2.36
270,Connecticut,2007,0.92,0.57,0.84,2.33
271,Connecticut,2006,0.93,0.56,0.81,2.3
272,Connecticut,2005,0.9,0.54,0.79,2.23
273,Connecticut,2004,0.93,0.53,0.79,2.25
274,Connecticut,2003,0.93,0.52,0.78,2.23
275,Connecticut,2002,0.95,0.5,0.75,2.21
276,Connecticut,2001,0.95,0.5,0.74,2.19
277,Connecticut,2000,0.94,0.49,0.74,2.18
278,Connecticut,1999,0.94,0.49,0.75,2.18
279,Connecticut,1998,0.96,0.49,0.76,2.21
280,Connecticut,1997,0.95,0.48,0.74,2.17
281,Connecticut,1996,0.91,0.46,0.72,2.09
282,Connecticut,1995,0.96,0.46,0.78,2.2
283,Connecticut,1994,0.99,0.43,0.78,2.2
284,Connecticut,1993,0.96,0.44,0.8,2.2
285,Connecticut,1992,1.01,0.45,0.83,2.3
286,Connecticut,1991,1.03,0.43,0.84,2.29
287,Connecticut,1990,1.09,0.45,0.92,2.46
288,Connecticut,1989,1.07,0.46,0.96,2.5
289,Connecticut,1988,1.12,0.5,1.05,2.67
290,Connecticut,1987,1.14,0.51,1.1,2.75
291,Connecticut,1986,1.11,0.51,1.14,2.76
292,Connecticut,1985,1.12,0.5,1.19,2.81
293,Connecticut,1984,1.1,0.49,1.19,2.78
294,Connecticut,1983,1.1,0.49,1.22,2.8
295,Connecticut,1982,1.04,0.49,1.21,2.74
296,Connecticut,1981,1.05,0.44,1.18,2.67
297,Connecticut,1980,1.06,0.43,1.2,2.69
298,Connecticut,1979,1.14,0.4,1.21,2.76
299,Connecticut,1978,1.09,0.38,1.21,2.69
300,Connecticut,1977,1.06,0.35,1.23,2.64
301,Delaware,2019,1.12,0.71,1.62,3.44
302,Delaware,2018,1.11,0.72,1.7,3.53
303,Delaware,2017,1.15,0.72,1.75,3.62
304,Delaware,2016,1.2,0.74,1.8,3.73
305,Delaware,2015,1.19,0.72,1.75,3.66
306,Delaware,2014,1.21,0.72,1.67,3.6
307,Delaware,2013,1.25,0.72,1.63,3.6
308,Delaware,2012,1.32,0.7,1.58,3.59
309,Delaware,2011,1.34,0.69,1.52,3.55
310,Delaware,2010,1.36,0.66,1.36,3.38
311,Delaware,2009,1.32,0.65,1.34,3.31
312,Delaware,2008,1.35,0.57,1.23,3.15
313,Delaware,2007,1.38,0.59,1.23,3.19
314,Delaware,2006,1.41,0.59,1.26,3.26
315,Delaware,2005,1.42,0.58,1.24,3.25
316,Delaware,2004,1.42,0.57,1.28,3.27
317,Delaware,2003,1.38,0.57,1.18,3.12
318,Delaware,2002,1.39,0.52,1.1,3.01
319,Delaware,2001,1.39,0.49,1.07,2.94
320,Delaware,2000,1.36,0.48,1.05,2.89
321,Delaware,1999,1.4,0.48,1.03,2.9
322,Delaware,1998,1.41,0.47,1.03,2.91
323,Delaware,1997,1.37,0.46,0.99,2.81
324,Delaware,1996,1.39,0.45,0.94,2.78
325,Delaware,1995,1.3,0.39,0.92,2.62
326,Delaware,1994,1.43,0.38,0.95,2.76
327,Delaware,1993,1.46,0.35,0.95,2.76
328,Delaware,1992,1.4,0.36,0.97,2.73
329,Delaware,1991,1.4,0.35,0.95,2.7
330,Delaware,1990,1.44,0.37,1.14,2.95
331,Delaware,1989,1.43,0.39,1.15,2.96
332,Delaware,1988,1.46,0.41,1.21,3.08
333,Delaware,1987,1.46,0.43,1.23,3.12
334,Delaware,1986,1.46,0.45,1.25,3.16
335,Delaware,1985,1.48,0.41,1.31,3.2
336,Delaware,1984,1.52,0.39,1.29,3.2
337,Delaware,1983,1.55,0.35,1.35,3.25
338,Delaware,1982,1.54,0.34,1.38,3.26
339,Delaware,1981,1.52,0.33,1.4,3.24
340,Delaware,1980,1.44,0.29,1.37,3.11
341,Delaware,1979,1.35,0.26,1.31,2.92
342,Delaware,1978,1.31,0.24,1.3,2.85
343,Delaware,1977,1.3,0.23,1.33,2.86
344,District of Columbia,2019,1.07,1.01,1.68,3.75
345,District of Columbia,2018,1.08,1.02,1.68,3.78
346,District of Columbia,2017,1.1,1.02,1.68,3.81
347,District of Columbia,2016,1.13,1.02,1.69,3.84
348,District of Columbia,2015,1.14,1.02,1.66,3.82
349,District of Columbia,2014,1.15,1.0,1.67,3.82
350,District of Columbia,2013,1.16,1.01,1.66,3.83
351,District of Columbia,2012,1.18,1.01,1.65,3.85
352,District of Columbia,2011,1.19,1.01,1.62,3.83
353,District of Columbia,2010,1.22,1.0,1.61,3.83
354,District of Columbia,2009,1.26,1.0,1.62,3.88
355,District of Columbia,2008,1.35,1.01,1.64,4.0
356,District of Columbia,2007,1.37,1.0,1.63,4.0
357,District of Columbia,2006,1.38,0.96,1.6,3.94
358,District of Columbia,2005,1.4,0.93,1.56,3.9
359,District of Columbia,2004,1.38,0.91,1.52,3.8
360,District of Columbia,2003,1.38,0.88,1.51,3.76
361,District of Columbia,2002,1.36,0.83,1.47,3.66
362,District of Columbia,2001,1.36,0.79,1.46,3.61
363,District of Columbia,2000,1.39,0.81,1.45,3.65
364,District of Columbia,1999,1.38,0.78,1.36,3.52
365,District of Columbia,1998,1.37,0.78,1.57,3.73
366,District of Columbia,1997,1.42,0.8,1.61,3.83
367,District of Columbia,1996,1.33,0.86,1.47,3.67
368,District of Columbia,1995,1.49,0.77,1.52,3.78
369,District of Columbia,1994,1.5,0.74,1.52,3.76
370,District of Columbia,1993,1.51,0.73,1.54,3.78
371,District of Columbia,1992,1.61,0.7,1.74,4.05
372,District of Columbia,1991,1.42,0.61,1.85,3.89
373,District of Columbia,1990,1.42,0.76,1.96,4.14
374,District of Columbia,1989,1.39,0.82,1.72,3.92
375,District of Columbia,1988,1.38,0.93,1.9,4.22
376,District of Columbia,1987,1.41,0.95,2.26,4.62
377,District of Columbia,1986,1.45,1.0,2.09,4.54
378,District of Columbia,1985,1.44,1.0,2.35,4.8
379,District of Columbia,1984,1.51,1.07,2.59,5.17
380,District of Columbia,1983,1.51,1.05,2.71,5.27
381,District of Columbia,1982,1.46,0.99,2.88,5.33
382,District of Columbia,1981,1.48,1.05,2.89,5.42
383,District of Columbia,1980,1.49,0.99,2.94,5.41
384,District of Columbia,1979,1.42,0.96,2.92,5.3
385,District of Columbia,1978,1.38,0.91,3.04,5.33
386,District of Columbia,1977,1.35,0.86,3.16,5.37
387,Florida,2019,1.05,0.56,1.09,2.71
388,Florida,2018,1.05,0.56,1.05,2.66
389,Florida,2017,1.07,0.56,1.04,2.67
390,Florida,2016,1.09,0.57,1.03,2.69
391,Florida,2015,1.11,0.54,0.98,2.64
392,Florida,2014,1.1,0.54,0.98,2.62
393,Florida,2013,1.28,0.51,0.96,2.75
394,Florida,2012,1.26,0.53,0.96,2.75
395,Florida,2011,1.13,0.51,0.93,2.57
396,Florida,2010,1.12,0.49,0.91,2.53
397,Florida,2009,1.19,0.48,0.91,2.58
398,Florida,2008,1.24,0.48,0.89,2.61
399,Florida,2007,1.28,0.48,0.92,2.68
400,Florida,2006,1.32,0.47,0.91,2.7
401,Florida,2005,1.33,0.46,0.91,2.7
402,Florida,2004,1.34,0.46,0.88,2.68
403,Florida,2003,1.31,0.44,0.86,2.61
404,Florida,2002,1.32,0.43,0.84,2.58
405,Florida,2001,1.32,0.4,0.82,2.54
406,Florida,2000,1.32,0.41,0.83,2.56
407,Florida,1999,1.33,0.4,0.8,2.53
408,Florida,1998,1.33,0.38,0.79,2.5
409,Florida,1997,1.36,0.37,0.8,2.53
410,Florida,1996,1.36,0.37,0.81,2.54
411,Florida,1995,1.34,0.35,0.82,2.5
412,Florida,1994,1.4,0.33,0.87,2.6
413,Florida,1993,1.44,0.33,0.92,2.68
414,Florida,1992,1.45,0.34,0.96,2.75
415,Florida,1991,1.43,0.34,0.92,2.69
416,Florida,1990,1.54,0.39,1.04,2.96
417,Florida,1989,1.51,0.39,1.0,2.89
418,Florida,1988,1.5,0.41,1.0,2.91
419,Florida,1987,1.5,0.42,1.03,2.95
420,Florida,1986,1.5,0.41,1.05,2.96
421,Florida,1985,1.47,0.41,1.16,3.04
422,Florida,1984,1.46,0.4,1.23,3.09
423,Florida,1983,1.55,0.39,1.22,3.16
424,Florida,1982,1.54,0.4,1.32,3.26
425,Florida,1981,1.54,0.39,1.37,3.3
426,Florida,1980,1.4,0.37,1.41,3.18
427,Florida,1979,1.38,0.34,1.41,3.14
428,Florida,1978,1.34,0.32,1.4,3.07
429,Florida,1977,1.27,0.31,1.4,2.99
430,Georgia,2019,0.94,0.25,0.71,1.9
431,Georgia,2018,0.95,0.25,0.71,1.91
432,Georgia,2017,0.98,0.25,0.71,1.93
433,Georgia,2016,1.0,0.25,0.7,1.95
434,Georgia,2015,1.01,0.25,0.69,1.95
435,Georgia,2014,1.03,0.25,0.69,1.97
436,Georgia,2013,1.03,0.25,0.69,1.98
437,Georgia,2012,1.06,0.25,0.68,1.99
438,Georgia,2011,1.06,0.25,0.67,1.98
439,Georgia,2010,1.08,0.25,0.65,1.98
440,Georgia,2009,1.11,0.25,0.65,2.01
441,Georgia,2008,1.16,0.25,0.65,2.06
442,Georgia,2007,1.19,0.26,0.65,2.1
443,Georgia,2006,1.19,0.26,0.65,2.1
444,Georgia,2005,1.17,0.26,0.64,2.07
445,Georgia,2004,1.19,0.27,0.65,2.11
446,Georgia,2003,1.2,0.26,0.66,2.13
447,Georgia,2002,1.21,0.26,0.66,2.13
448,Georgia,2001,1.2,0.25,0.65,2.11
449,Georgia,2000,1.21,0.25,0.69,2.16
450,Georgia,1999,1.23,0.25,0.7,2.18
451,Georgia,1998,1.22,0.23,0.7,2.15
452,Georgia,1997,1.2,0.23,0.7,2.13
453,Georgia,1996,1.24,0.24,0.71,2.18
454,Georgia,1995,1.21,0.21,0.7,2.12
455,Georgia,1994,1.17,0.21,0.77,2.14
456,Georgia,1993,1.23,0.2,0.77,2.2
457,Georgia,1992,1.22,0.21,0.79,2.23
458,Georgia,1991,1.16,0.22,0.78,2.17
459,Georgia,1990,1.22,0.23,0.86,2.31
460,Georgia,1989,1.18,0.24,0.94,2.36
461,Georgia,1988,1.21,0.26,0.92,2.39
462,Georgia,1987,1.21,0.27,1.0,2.48
463,Georgia,1986,1.21,0.27,0.94,2.43
464,Georgia,1985,1.17,0.25,1.01,2.44
465,Georgia,1984,1.18,0.24,1.06,2.48
466,Georgia,1983,1.14,0.22,1.06,2.42
467,Georgia,1982,1.12,0.21,1.04,2.36
468,Georgia,1981,1.1,0.18,1.09,2.38
469,Georgia,1980,1.06,0.19,1.08,2.33
470,Georgia,1979,1.11,0.18,1.16,2.44
471,Georgia,1978,1.09,0.18,1.21,2.48
472,Georgia,1977,1.03,0.15,1.19,2.37
473,Hawaii,2019,1.28,0.59,0.79,2.67
474,Hawaii,2018,1.28,0.59,0.79,2.66
475,Hawaii,2017,1.29,0.58,0.79,2.65
476,Hawaii,2016,1.29,0.57,0.78,2.64
477,Hawaii,2015,1.28,0.56,0.77,2.61
478,Hawaii,2014,1.27,0.54,0.77,2.59
479,Hawaii,2013,1.25,0.54,0.76,2.56
480,Hawaii,2012,1.25,0.53,0.75,2.53
481,Hawaii,2011,1.25,0.53,0.73,2.51
482,Hawaii,2010,1.25,0.52,0.71,2.48
483,Hawaii,2009,1.27,0.51,0.71,2.49
484,Hawaii,2008,1.33,0.51,0.72,2.56
485,Hawaii,2007,1.3,0.48,0.77,2.55
486,Hawaii,2006,1.28,0.47,0.77,2.52
487,Hawaii,2005,1.3,0.45,0.72,2.47
488,Hawaii,2004,1.38,0.43,0.7,2.5
489,Hawaii,2003,1.3,0.42,0.66,2.38
490,Hawaii,2002,1.27,0.39,0.62,2.28
491,Hawaii,2001,1.3,0.38,0.6,2.28
492,Hawaii,2000,1.33,0.39,0.6,2.32
493,Hawaii,1999,1.31,0.39,0.56,2.26
494,Hawaii,1998,1.32,0.37,0.54,2.22
495,Hawaii,1997,1.38,0.4,0.56,2.33
496,Hawaii,1996,1.4,0.36,0.58,2.34
497,Hawaii,1995,1.41,0.34,0.57,2.32
498,Hawaii,1994,1.46,0.38,0.62,2.46
499,Hawaii,1993,1.49,0.37,0.65,2.51
500,Hawaii,1992,1.55,0.39,0.69,2.63
501,Hawaii,1991,1.57,0.4,0.7,2.67
502,Hawaii,1990,1.64,0.4,0.79,2.84
503,Hawaii,1989,1.56,0.43,0.8,2.79
504,Hawaii,1988,1.64,0.45,0.8,2.89
505,Hawaii,1987,1.59,0.41,0.77,2.76
506,Hawaii,1986,1.61,0.44,0.86,2.91
507,Hawaii,1985,1.61,0.42,0.88,2.91
508,Hawaii,1984,1.66,0.41,0.92,2.99
509,Hawaii,1983,1.89,0.44,1.13,3.45
510,Hawaii,1982,1.8,0.48,1.14,3.41
511,Hawaii,1981,1.74,0.44,1.16,3.34
512,Hawaii,1980,1.64,0.46,1.2,3.3
513,Hawaii,1979,1.51,0.42,1.21,3.14
514,Hawaii,1978,1.33,0.44,1.25,3.02
515,Hawaii,1977,1.55,0.35,1.21,3.11
516,Idaho,2019,0.86,0.33,0.85,2.04
517,Idaho,2018,0.9,0.33,0.84,2.07
518,Idaho,2017,0.95,0.34,0.82,2.1
519,Idaho,2016,0.99,0.35,0.81,2.15
520,Idaho,2015,1.04,0.35,0.79,2.17
521,Idaho,2014,1.05,0.35,0.77,2.17
522,Idaho,2013,1.09,0.34,0.77,2.2
523,Idaho,2012,1.09,0.34,0.77,2.2
524,Idaho,2011,1.1,0.34,0.73,2.18
525,Idaho,2010,1.12,0.34,0.72,2.17
526,Idaho,2009,1.16,0.33,0.7,2.19
527,Idaho,2008,1.17,0.34,0.69,2.19
528,Idaho,2007,1.15,0.34,0.67,2.16
529,Idaho,2006,1.14,0.34,0.65,2.13
530,Idaho,2005,1.13,0.34,0.61,2.07
531,Idaho,2004,1.17,0.34,0.57,2.08
532,Idaho,2003,1.18,0.34,0.55,2.07
533,Idaho,2002,1.17,0.34,0.53,2.05
534,Idaho,2001,1.17,0.33,0.53,2.03
535,Idaho,2000,1.15,0.35,0.52,2.02
536,Idaho,1999,1.17,0.34,0.52,2.03
537,Idaho,1998,1.15,0.33,0.51,1.99
538,Idaho,1997,1.11,0.32,0.52,1.95
539,Idaho,1996,1.13,0.3,0.52,1.96
540,Idaho,1995,1.18,0.3,0.54,2.01
541,Idaho,1994,1.24,0.35,0.53,2.12
542,Idaho,1993,1.26,0.29,0.55,2.11
543,Idaho,1992,1.32,0.31,0.57,2.2
544,Idaho,1991,1.31,0.32,0.56,2.19
545,Idaho,1990,1.36,0.33,0.58,2.27
546,Idaho,1989,1.27,0.31,0.57,2.16
547,Idaho,1988,1.28,0.37,0.59,2.24
548,Idaho,1987,1.33,0.39,0.59,2.31
549,Idaho,1986,1.36,0.39,0.62,2.37
550,Idaho,1985,1.36,0.36,0.71,2.43
551,Idaho,1984,1.41,0.31,0.72,2.45
552,Idaho,1983,1.45,0.3,0.77,2.52
553,Idaho,1982,1.45,0.3,0.81,2.57
554,Idaho,1981,1.54,0.33,0.83,2.69
555,Idaho,1980,1.53,0.3,0.77,2.59
556,Idaho,1979,1.51,0.27,0.82,2.6
557,Idaho,1978,1.46,0.25,0.78,2.5
558,Idaho,1977,1.47,0.22,0.78,2.47
559,Illinois,2019,1.07,0.46,0.87,2.4
560,Illinois,2018,1.08,0.45,0.85,2.39
561,Illinois,2017,1.1,0.45,0.83,2.38
562,Illinois,2016,1.12,0.43,0.77,2.32
563,Illinois,2015,1.13,0.43,0.8,2.36
564,Illinois,2014,1.12,0.42,0.78,2.32
565,Illinois,2013,1.13,0.42,0.77,2.33
566,Illinois,2012,1.15,0.43,0.77,2.35
567,Illinois,2011,1.19,0.41,0.75,2.35
568,Illinois,2010,1.22,0.4,0.74,2.35
569,Illinois,2009,1.24,0.39,0.73,2.36
570,Illinois,2008,1.23,0.38,0.74,2.34
571,Illinois,2007,1.24,0.41,0.74,2.38
572,Illinois,2006,1.24,0.37,0.74,2.35
573,Illinois,2005,1.23,0.34,0.71,2.29
574,Illinois,2004,1.24,0.32,0.67,2.22
575,Illinois,2003,1.26,0.35,0.74,2.36
576,Illinois,2002,1.28,0.33,0.65,2.26
577,Illinois,2001,1.27,0.32,0.68,2.28
578,Illinois,2000,1.28,0.32,0.63,2.24
579,Illinois,1999,1.29,0.33,0.66,2.27
580,Illinois,1998,1.27,0.34,0.64,2.25
581,Illinois,1997,1.26,0.35,0.65,2.26
582,Illinois,1996,1.27,0.35,0.68,2.3
583,Illinois,1995,1.3,0.33,0.66,2.29
584,Illinois,1994,1.32,0.34,0.69,2.35
585,Illinois,1993,1.32,0.34,0.72,2.38
586,Illinois,1992,1.34,0.35,0.74,2.43
587,Illinois,1991,1.38,0.34,0.76,2.48
588,Illinois,1990,1.43,0.36,0.82,2.62
589,Illinois,1989,1.42,0.36,0.85,2.63
590,Illinois,1988,1.45,0.38,0.87,2.7
591,Illinois,1987,1.43,0.39,0.88,2.71
592,Illinois,1986,1.42,0.39,0.91,2.72
593,Illinois,1985,1.39,0.38,0.99,2.76
594,Illinois,1984,1.41,0.37,1.02,2.8
595,Illinois,1983,1.43,0.35,1.03,2.82
596,Illinois,1982,1.42,0.35,1.07,2.84
597,Illinois,1981,1.44,0.35,1.12,2.91
598,Illinois,1980,1.42,0.33,1.23,2.99
599,Illinois,1979,1.42,0.32,1.15,2.89
600,Illinois,1978,1.35,0.31,1.17,2.83
601,Illinois,1977,1.32,0.3,1.2,2.82
602,Indiana,2019,0.96,0.3,0.94,2.2
603,Indiana,2018,0.96,0.29,0.89,2.15
604,Indiana,2017,0.97,0.29,0.85,2.12
605,Indiana,2016,0.98,0.29,0.89,2.17
606,Indiana,2015,0.98,0.28,0.88,2.14
607,Indiana,2014,0.98,0.27,0.8,2.05
608,Indiana,2013,1.0,0.28,0.81,2.09
609,Indiana,2012,1.02,0.28,0.79,2.08
610,Indiana,2011,1.02,0.27,0.73,2.02
611,Indiana,2010,1.03,0.26,0.74,2.03
612,Indiana,2009,1.08,0.25,0.72,2.05
613,Indiana,2008,1.1,0.24,0.73,2.08
614,Indiana,2007,1.13,0.24,0.72,2.09
615,Indiana,2006,1.09,0.25,0.66,2.0
616,Indiana,2005,1.11,0.22,0.68,2.01
617,Indiana,2004,1.14,0.22,0.65,2.01
618,Indiana,2003,1.11,0.21,0.64,1.96
619,Indiana,2002,1.13,0.2,0.6,1.93
620,Indiana,2001,1.15,0.19,0.62,1.96
621,Indiana,2000,1.16,0.2,0.61,1.98
622,Indiana,1999,1.16,0.19,0.59,1.94
623,Indiana,1998,1.14,0.19,0.58,1.91
624,Indiana,1997,1.09,0.18,0.59,1.85
625,Indiana,1996,1.09,0.2,0.57,1.86
626,Indiana,1995,1.14,0.2,0.58,1.92
627,Indiana,1994,1.15,0.2,0.59,1.94
628,Indiana,1993,1.15,0.19,0.64,1.98
629,Indiana,1992,1.16,0.2,0.58,1.95
630,Indiana,1991,1.22,0.19,0.6,2.0
631,Indiana,1990,1.26,0.2,0.63,2.09
632,Indiana,1989,1.23,0.2,0.64,2.07
633,Indiana,1988,1.25,0.21,0.67,2.13
634,Indiana,1987,1.26,0.23,0.67,2.16
635,Indiana,1986,1.26,0.23,0.67,2.17
636,Indiana,1985,1.26,0.22,0.73,2.2
637,Indiana,1984,1.27,0.21,0.73,2.21
638,Indiana,1983,1.28,0.19,0.73,2.2
639,Indiana,1982,1.29,0.19,0.76,2.24
640,Indiana,1981,1.29,0.18,0.78,2.24
641,Indiana,1980,1.26,0.17,0.77,2.21
642,Indiana,1979,1.21,0.15,0.78,2.15
643,Indiana,1978,1.18,0.15,0.78,2.12
644,Indiana,1977,1.13,0.14,0.77,2.03
645,Iowa,2019,1.24,0.23,0.92,2.39
646,Iowa,2018,1.25,0.23,0.9,2.38
647,Iowa,2017,1.26,0.23,0.87,2.37
648,Iowa,2016,1.3,0.23,0.87,2.4
649,Iowa,2015,1.31,0.22,0.83,2.36
650,Iowa,2014,1.34,0.21,0.81,2.37
651,Iowa,2013,1.33,0.22,0.79,2.34
652,Iowa,2012,1.36,0.23,0.81,2.4
653,Iowa,2011,1.38,0.21,0.77,2.37
654,Iowa,2010,1.39,0.18,0.73,2.3
655,Iowa,2009,1.42,0.18,0.72,2.31
656,Iowa,2008,1.43,0.17,0.7,2.3
657,Iowa,2007,1.41,0.17,0.67,2.25
658,Iowa,2006,1.39,0.16,0.65,2.2
659,Iowa,2005,1.4,0.16,0.61,2.16
660,Iowa,2004,1.39,0.16,0.57,2.12
661,Iowa,2003,1.38,0.15,0.54,2.07
662,Iowa,2002,1.38,0.14,0.51,2.04
663,Iowa,2001,1.36,0.13,0.5,1.99
664,Iowa,2000,1.35,0.13,0.5,1.98
665,Iowa,1999,1.34,0.13,0.48,1.95
666,Iowa,1998,1.31,0.12,0.46,1.9
667,Iowa,1997,1.28,0.12,0.45,1.85
668,Iowa,1996,1.28,0.12,0.45,1.85
669,Iowa,1995,1.26,0.11,0.44,1.8
670,Iowa,1994,1.3,0.1,0.44,1.84
671,Iowa,1993,1.28,0.11,0.48,1.87
672,Iowa,1992,1.31,0.13,0.46,1.9
673,Iowa,1991,1.32,0.16,0.52,2.01
674,Iowa,1990,1.34,0.18,0.54,2.06
675,Iowa,1989,1.3,0.19,0.52,2.01
676,Iowa,1988,1.32,0.2,0.53,2.06
677,Iowa,1987,1.34,0.22,0.59,2.14
678,Iowa,1986,1.35,0.2,0.54,2.09
679,Iowa,1985,1.33,0.14,0.58,2.06
680,Iowa,1984,1.39,0.12,0.62,2.13
681,Iowa,1983,1.4,0.13,0.65,2.18
682,Iowa,1982,1.4,0.13,0.65,2.19
683,Iowa,1981,1.44,0.13,0.69,2.26
684,Iowa,1980,1.41,0.13,0.71,2.25
685,Iowa,1979,1.4,0.11,0.71,2.22
686,Iowa,1978,1.38,0.11,0.74,2.23
687,Iowa,1977,1.33,0.1,0.74,2.17
688,Kansas,2019,1.02,0.14,0.82,1.98
689,Kansas,2018,0.99,0.14,0.79,1.92
690,Kansas,2017,1.03,0.14,0.8,1.98
691,Kansas,2016,1.02,0.14,0.75,1.92
692,Kansas,2015,1.03,0.14,0.74,1.91
693,Kansas,2014,1.04,0.14,0.75,1.93
694,Kansas,2013,0.99,0.14,0.76,1.88
695,Kansas,2012,1.09,0.14,0.72,1.95
696,Kansas,2011,1.07,0.14,0.69,1.9
697,Kansas,2010,1.13,0.14,0.68,1.95
698,Kansas,2009,1.18,0.14,0.67,1.99
699,Kansas,2008,1.22,0.14,0.65,2.01
700,Kansas,2007,1.17,0.15,0.64,1.96
701,Kansas,2006,1.14,0.18,0.61,1.94
702,Kansas,2005,1.14,0.18,0.57,1.89
703,Kansas,2004,1.14,0.16,0.56,1.86
704,Kansas,2003,1.16,0.17,0.56,1.89
705,Kansas,2002,1.19,0.15,0.54,1.88
706,Kansas,2001,1.12,0.15,0.53,1.8
707,Kansas,2000,1.13,0.15,0.53,1.82
708,Kansas,1999,1.12,0.15,0.54,1.81
709,Kansas,1998,1.08,0.13,0.54,1.76
710,Kansas,1997,1.08,0.12,0.48,1.67
711,Kansas,1996,1.04,0.12,0.49,1.65
712,Kansas,1995,1.04,0.12,0.5,1.66
713,Kansas,1994,1.12,0.13,0.48,1.73
714,Kansas,1993,1.09,0.14,0.52,1.75
715,Kansas,1992,1.09,0.14,0.55,1.78
716,Kansas,1991,1.15,0.14,0.57,1.85
717,Kansas,1990,1.13,0.13,0.53,1.79
718,Kansas,1989,1.13,0.13,0.55,1.81
719,Kansas,1988,1.13,0.22,0.57,1.92
720,Kansas,1987,1.14,0.17,0.57,1.88
721,Kansas,1986,1.14,0.17,0.6,1.91
722,Kansas,1985,1.18,0.15,0.64,1.97
723,Kansas,1984,1.19,0.14,0.63,1.96
724,Kansas,1983,1.2,0.13,0.64,1.97
725,Kansas,1982,1.22,0.13,0.67,2.03
726,Kansas,1981,1.23,0.12,0.7,2.05
727,Kansas,1980,1.22,0.11,0.61,1.95
728,Kansas,1979,1.19,0.12,0.74,2.04
729,Kansas,1978,1.15,0.12,0.65,1.91
730,Kansas,1977,1.14,0.1,0.65,1.9
731,Kentucky,2019,0.88,0.23,0.91,2.02
732,Kentucky,2018,0.93,0.22,0.81,1.96
733,Kentucky,2017,0.94,0.21,0.82,1.97
734,Kentucky,2016,0.96,0.22,0.79,1.98
735,Kentucky,2015,0.99,0.22,0.76,1.97
736,Kentucky,2014,0.94,0.21,0.72,1.88
737,Kentucky,2013,0.95,0.2,0.7,1.85
738,Kentucky,2012,0.97,0.2,0.7,1.87
739,Kentucky,2011,0.94,0.19,0.66,1.79
740,Kentucky,2010,1.0,0.18,0.66,1.83
741,Kentucky,2009,1.02,0.18,0.65,1.85
742,Kentucky,2008,1.03,0.17,0.65,1.85
743,Kentucky,2007,1.04,0.17,0.63,1.85
744,Kentucky,2006,1.04,0.17,0.62,1.82
745,Kentucky,2005,1.04,0.14,0.61,1.8
746,Kentucky,2004,1.07,0.17,0.57,1.81
747,Kentucky,2003,1.03,0.15,0.57,1.75
748,Kentucky,2002,1.08,0.14,0.54,1.77
749,Kentucky,2001,1.04,0.12,0.46,1.63
750,Kentucky,2000,1.07,0.14,0.53,1.74
751,Kentucky,1999,1.07,0.13,0.54,1.74
752,Kentucky,1998,1.08,0.13,0.53,1.74
753,Kentucky,1997,1.07,0.13,0.53,1.72
754,Kentucky,1996,1.09,0.13,0.54,1.76
755,Kentucky,1995,1.06,0.11,0.54,1.71
756,Kentucky,1994,1.08,0.11,0.55,1.73
757,Kentucky,1993,1.08,0.1,0.55,1.73
758,Kentucky,1992,1.04,0.11,0.56,1.71
759,Kentucky,1991,1.11,0.11,0.56,1.78
760,Kentucky,1990,1.12,0.11,0.6,1.83
761,Kentucky,1989,1.09,0.12,0.57,1.79
762,Kentucky,1988,1.1,0.12,0.6,1.82
763,Kentucky,1987,1.04,0.14,0.6,1.78
764,Kentucky,1986,1.1,0.14,0.63,1.86
765,Kentucky,1985,1.08,0.14,0.66,1.88
766,Kentucky,1984,1.06,0.13,0.68,1.87
767,Kentucky,1983,1.13,0.12,0.7,1.95
768,Kentucky,1982,1.14,0.12,0.72,1.99
769,Kentucky,1981,1.13,0.1,0.75,1.99
770,Kentucky,1980,1.08,0.1,0.73,1.91
771,Kentucky,1979,1.07,0.09,0.75,1.91
772,Kentucky,1978,1.04,0.09,0.75,1.88
773,Kentucky,1977,1.16,0.09,0.73,1.98
774,Louisiana,2019,1.22,0.33,1.01,2.56
775,Louisiana,2018,1.23,0.34,0.99,2.55
776,Louisiana,2017,1.24,0.34,1.0,2.57
777,Louisiana,2016,1.25,0.34,1.0,2.59
778,Louisiana,2015,1.27,0.33,0.98,2.59
779,Louisiana,2014,1.3,0.33,0.96,2.59
780,Louisiana,2013,1.34,0.32,0.93,2.59
781,Louisiana,2012,1.38,0.32,0.9,2.59
782,Louisiana,2011,1.39,0.3,0.88,2.57
783,Louisiana,2010,1.42,0.28,0.84,2.55
784,Louisiana,2009,1.5,0.28,0.85,2.63
785,Louisiana,2008,1.55,0.26,0.83,2.64
786,Louisiana,2007,1.57,0.27,0.81,2.66
787,Louisiana,2006,1.59,0.25,0.78,2.63
788,Louisiana,2005,1.47,0.24,0.71,2.41
789,Louisiana,2004,1.38,0.26,0.73,2.36
790,Louisiana,2003,1.41,0.25,0.72,2.38
791,Louisiana,2002,1.32,0.24,0.7,2.26
792,Louisiana,2001,1.49,0.23,0.69,2.41
793,Louisiana,2000,1.51,0.22,0.7,2.44
794,Louisiana,1999,1.52,0.24,0.69,2.45
795,Louisiana,1998,1.48,0.23,0.7,2.4
796,Louisiana,1997,1.51,0.23,0.71,2.44
797,Louisiana,1996,1.52,0.22,0.72,2.46
798,Louisiana,1995,1.51,0.21,0.73,2.46
799,Louisiana,1994,1.45,0.21,0.73,2.39
800,Louisiana,1993,1.53,0.21,0.72,2.47
801,Louisiana,1992,1.55,0.22,0.74,2.51
802,Louisiana,1991,1.52,0.21,0.73,2.46
803,Louisiana,1990,1.53,0.23,0.78,2.54
804,Louisiana,1989,1.47,0.24,0.74,2.45
805,Louisiana,1988,1.49,0.24,0.71,2.44
806,Louisiana,1987,1.4,0.25,0.77,2.41
807,Louisiana,1986,1.42,0.26,0.79,2.47
808,Louisiana,1985,1.37,0.28,0.87,2.52
809,Louisiana,1984,1.42,0.29,0.95,2.66
810,Louisiana,1983,1.44,0.31,1.03,2.77
811,Louisiana,1982,1.49,0.3,1.0,2.78
812,Louisiana,1981,1.49,0.28,1.02,2.79
813,Louisiana,1980,1.4,0.27,1.03,2.7
814,Louisiana,1979,1.32,0.25,1.04,2.61
815,Louisiana,1978,1.32,0.25,1.04,2.6
816,Louisiana,1977,1.27,0.25,1.0,2.51
817,Maine,2019,1.34,0.44,1.11,2.89
818,Maine,2018,1.34,0.44,1.07,2.85
819,Maine,2017,1.35,0.44,1.06,2.85
820,Maine,2016,1.36,0.44,1.01,2.81
821,Maine,2015,1.37,0.44,0.97,2.78
822,Maine,2014,1.36,0.42,0.93,2.71
823,Maine,2013,1.36,0.42,0.91,2.69
824,Maine,2012,1.34,0.42,0.89,2.65
825,Maine,2011,1.31,0.42,0.87,2.6
826,Maine,2010,1.3,0.42,0.84,2.56
827,Maine,2009,1.31,0.42,0.82,2.55
828,Maine,2008,1.33,0.42,0.81,2.56
829,Maine,2007,1.35,0.42,0.8,2.57
830,Maine,2006,1.34,0.42,0.78,2.54
831,Maine,2005,1.34,0.41,0.77,2.52
832,Maine,2004,1.26,0.41,0.76,2.44
833,Maine,2003,1.25,0.4,0.74,2.39
834,Maine,2002,1.23,0.4,0.7,2.33
835,Maine,2001,1.21,0.37,0.7,2.28
836,Maine,2000,1.17,0.38,0.68,2.23
837,Maine,1999,1.16,0.36,0.69,2.21
838,Maine,1998,1.14,0.33,0.69,2.17
839,Maine,1997,1.16,0.32,0.68,2.16
840,Maine,1996,1.21,0.32,0.69,2.22
841,Maine,1995,1.14,0.28,0.7,2.12
842,Maine,1994,1.13,0.27,0.77,2.18
843,Maine,1993,1.15,0.29,0.79,2.22
844,Maine,1992,1.16,0.29,0.78,2.23
845,Maine,1991,1.18,0.3,0.77,2.25
846,Maine,1990,1.21,0.31,0.82,2.34
847,Maine,1989,1.26,0.34,0.86,2.46
848,Maine,1988,1.29,0.36,0.91,2.55
849,Maine,1987,1.27,0.38,0.91,2.56
850,Maine,1986,1.29,0.36,0.92,2.57
851,Maine,1985,1.29,0.33,0.94,2.56
852,Maine,1984,1.25,0.31,1.02,2.57
853,Maine,1983,1.32,0.29,1.03,2.64
854,Maine,1982,1.3,0.3,1.02,2.62
855,Maine,1981,1.24,0.28,1.05,2.57
856,Maine,1980,1.32,0.28,1.06,2.66
857,Maine,1979,1.27,0.27,1.05,2.59
858,Maine,1978,1.28,0.26,1.03,2.57
859,Maine,1977,1.35,0.23,1.02,2.6
860,Maryland,2019,0.74,0.38,0.9,2.03
861,Maryland,2018,0.78,0.39,0.92,2.08
862,Maryland,2017,0.82,0.4,0.92,2.14
863,Maryland,2016,0.83,0.4,0.92,2.16
864,Maryland,2015,0.85,0.39,0.9,2.14
865,Maryland,2014,0.86,0.39,0.9,2.15
866,Maryland,2013,0.89,0.39,0.9,2.18
867,Maryland,2012,0.91,0.39,0.9,2.21
868,Maryland,2011,0.92,0.39,0.89,2.19
869,Maryland,2010,0.94,0.38,0.89,2.21
870,Maryland,2009,0.96,0.36,0.86,2.19
871,Maryland,2008,0.99,0.36,0.84,2.19
872,Maryland,2007,1.01,0.36,0.84,2.2
873,Maryland,2006,1.01,0.34,0.83,2.18
874,Maryland,2005,1.02,0.34,0.81,2.16
875,Maryland,2004,1.03,0.33,0.79,2.15
876,Maryland,2003,1.03,0.32,0.77,2.12
877,Maryland,2002,1.06,0.31,0.76,2.12
878,Maryland,2001,1.06,0.3,0.75,2.11
879,Maryland,2000,1.04,0.3,0.75,2.09
880,Maryland,1999,1.04,0.3,0.74,2.08
881,Maryland,1998,1.05,0.3,0.73,2.08
882,Maryland,1997,1.08,0.29,0.73,2.11
883,Maryland,1996,1.05,0.29,0.74,2.08
884,Maryland,1995,1.07,0.28,0.74,2.09
885,Maryland,1994,1.09,0.28,0.78,2.15
886,Maryland,1993,1.1,0.28,0.8,2.19
887,Maryland,1992,1.11,0.29,0.86,2.26
888,Maryland,1991,1.15,0.3,0.89,2.33
889,Maryland,1990,1.22,0.33,0.96,2.51
890,Maryland,1989,1.2,0.34,0.97,2.52
891,Maryland,1988,1.24,0.36,1.0,2.6
892,Maryland,1987,1.28,0.38,1.06,2.71
893,Maryland,1986,1.28,0.38,1.07,2.73
894,Maryland,1985,1.3,0.36,1.14,2.8
895,Maryland,1984,1.31,0.36,1.17,2.84
896,Maryland,1983,1.34,0.35,1.2,2.89
897,Maryland,1982,1.27,0.32,1.16,2.76
898,Maryland,1981,1.39,0.34,1.33,3.06
899,Maryland,1980,1.41,0.33,1.35,3.08
900,Maryland,1979,1.43,0.31,1.39,3.13
901,Maryland,1978,1.4,0.31,1.38,3.09
902,Maryland,1977,1.36,0.3,1.38,3.05
903,Massachusetts,2019,0.91,0.61,1.04,2.57
904,Massachusetts,2018,0.91,0.64,1.01,2.56
905,Massachusetts,2017,0.95,0.66,0.97,2.58
906,Massachusetts,2016,0.95,0.65,0.97,2.56
907,Massachusetts,2015,0.96,0.65,0.91,2.52
908,Massachusetts,2014,0.98,0.66,0.91,2.54
909,Massachusetts,2013,1.0,0.66,0.89,2.55
910,Massachusetts,2012,1.03,0.65,0.88,2.56
911,Massachusetts,2011,1.02,0.64,0.88,2.54
912,Massachusetts,2010,1.04,0.62,0.84,2.5
913,Massachusetts,2009,1.03,0.62,0.85,2.49
914,Massachusetts,2008,1.08,0.62,0.84,2.54
915,Massachusetts,2007,1.11,0.62,0.87,2.59
916,Massachusetts,2006,1.1,0.61,0.85,2.56
917,Massachusetts,2005,1.07,0.59,0.85,2.51
918,Massachusetts,2004,1.1,0.58,0.84,2.52
919,Massachusetts,2003,1.1,0.56,0.82,2.49
920,Massachusetts,2002,1.13,0.54,0.8,2.47
921,Massachusetts,2001,1.13,0.52,0.79,2.44
922,Massachusetts,2000,1.16,0.51,0.87,2.55
923,Massachusetts,1999,1.09,0.51,0.79,2.39
924,Massachusetts,1998,1.14,0.5,0.75,2.39
925,Massachusetts,1997,1.13,0.49,0.76,2.39
926,Massachusetts,1996,1.11,0.48,0.77,2.35
927,Massachusetts,1995,1.13,0.44,0.78,2.35
928,Massachusetts,1994,1.14,0.44,0.8,2.38
929,Massachusetts,1993,1.14,0.44,0.8,2.38
930,Massachusetts,1992,1.12,0.44,0.82,2.38
931,Massachusetts,1991,1.19,0.43,0.87,2.49
932,Massachusetts,1990,1.22,0.45,0.97,2.63
933,Massachusetts,1989,1.24,0.46,1.0,2.7
934,Massachusetts,1988,1.27,0.49,1.05,2.81
935,Massachusetts,1987,1.27,0.5,1.11,2.88
936,Massachusetts,1986,1.29,0.52,1.11,2.92
937,Massachusetts,1985,1.28,0.5,1.19,2.97
938,Massachusetts,1984,1.29,0.5,1.23,3.02
939,Massachusetts,1983,1.36,0.49,1.2,3.05
940,Massachusetts,1982,1.35,0.5,1.22,3.07
941,Massachusetts,1981,1.44,0.49,1.24,3.17
942,Massachusetts,1980,1.46,0.45,1.26,3.18
943,Massachusetts,1979,1.4,0.43,1.24,3.07
944,Massachusetts,1978,1.38,0.41,1.26,3.05
945,Massachusetts,1977,1.35,0.37,1.25,2.97
946,Michigan,2019,1.0,0.4,0.99,2.38
947,Michigan,2018,1.01,0.4,0.96,2.37
948,Michigan,2017,1.01,0.4,0.93,2.34
949,Michigan,2016,1.03,0.39,0.91,2.34
950,Michigan,2015,0.99,0.36,0.89,2.24
951,Michigan,2014,1.05,0.39,0.88,2.32
952,Michigan,2013,1.01,0.37,0.85,2.23
953,Michigan,2012,1.08,0.35,0.84,2.27
954,Michigan,2011,1.07,0.35,0.83,2.25
955,Michigan,2010,1.09,0.33,0.81,2.23
956,Michigan,2009,1.11,0.32,0.8,2.23
957,Michigan,2008,1.13,0.3,0.79,2.22
958,Michigan,2007,1.13,0.3,0.77,2.19
959,Michigan,2006,1.13,0.29,0.76,2.18
960,Michigan,2005,1.15,0.28,0.74,2.16
961,Michigan,2004,1.16,0.27,0.72,2.15
962,Michigan,2003,1.17,0.28,0.72,2.17
963,Michigan,2002,1.19,0.25,0.69,2.13
964,Michigan,2001,1.18,0.23,0.68,2.09
965,Michigan,2000,1.2,0.24,0.68,2.13
966,Michigan,1999,1.2,0.24,0.67,2.11
967,Michigan,1998,1.2,0.22,0.68,2.1
968,Michigan,1997,1.19,0.22,0.66,2.07
969,Michigan,1996,1.22,0.22,0.66,2.09
970,Michigan,1995,1.2,0.19,0.67,2.06
971,Michigan,1994,1.23,0.2,0.67,2.1
972,Michigan,1993,1.26,0.2,0.72,2.18
973,Michigan,1992,1.26,0.22,0.74,2.21
974,Michigan,1991,1.3,0.22,0.74,2.26
975,Michigan,1990,1.33,0.28,0.8,2.42
976,Michigan,1989,1.29,0.3,0.8,2.39
977,Michigan,1988,1.32,0.32,0.84,2.48
978,Michigan,1987,1.32,0.33,0.85,2.51
979,Michigan,1986,1.33,0.33,0.9,2.57
980,Michigan,1985,1.31,0.32,0.96,2.59
981,Michigan,1984,1.33,0.31,0.98,2.61
982,Michigan,1983,1.36,0.28,0.98,2.62
983,Michigan,1982,1.35,0.39,0.99,2.73
984,Michigan,1981,1.34,0.29,1.0,2.63
985,Michigan,1980,1.34,0.28,1.02,2.65
986,Michigan,1979,1.36,0.25,1.03,2.65
987,Michigan,1978,1.43,0.25,1.05,2.74
988,Michigan,1977,1.45,0.24,1.02,2.71
989,Minnesota,2019,1.12,0.43,1.23,2.79
990,Minnesota,2018,1.14,0.44,1.21,2.79
991,Minnesota,2017,1.15,0.44,1.19,2.78
992,Minnesota,2016,1.15,0.44,1.17,2.77
993,Minnesota,2015,1.16,0.43,1.14,2.73
994,Minnesota,2014,1.14,0.44,1.23,2.81
995,Minnesota,2013,1.14,0.43,1.16,2.73
996,Minnesota,2012,1.18,0.42,1.11,2.71
997,Minnesota,2011,1.13,0.34,1.0,2.47
998,Minnesota,2010,1.14,0.33,0.97,2.44
999,Minnesota,2009,1.19,0.37,1.04,2.59
1000,Minnesota,2008,1.21,0.36,1.03,2.6
1001,Minnesota,2007,1.23,0.36,1.01,2.6
1002,Minnesota,2006,1.15,0.32,0.93,2.4
1003,Minnesota,2005,1.18,0.33,0.97,2.48
1004,Minnesota,2004,1.24,0.31,0.94,2.5
1005,Minnesota,2003,1.22,0.29,0.91,2.43
1006,Minnesota,2002,1.26,0.28,0.88,2.41
1007,Minnesota,2001,1.25,0.26,0.88,2.39
1008,Minnesota,2000,1.24,0.26,0.87,2.37
1009,Minnesota,1999,1.23,0.27,0.86,2.36
1010,Minnesota,1998,1.16,0.27,0.84,2.27
1011,Minnesota,1997,1.2,0.27,0.85,2.31
1012,Minnesota,1996,1.23,0.26,0.83,2.32
1013,Minnesota,1995,1.29,0.26,0.83,2.38
1014,Minnesota,1994,1.27,0.25,0.83,2.35
1015,Minnesota,1993,1.24,0.24,0.84,2.33
1016,Minnesota,1992,1.25,0.25,0.85,2.35
1017,Minnesota,1991,1.3,0.24,0.81,2.35
1018,Minnesota,1990,1.32,0.27,0.96,2.55
1019,Minnesota,1989,1.29,0.27,0.89,2.46
1020,Minnesota,1988,1.31,0.3,0.9,2.51
1021,Minnesota,1987,1.32,0.32,0.94,2.58
1022,Minnesota,1986,1.31,0.34,0.93,2.57
1023,Minnesota,1985,1.31,0.31,1.06,2.68
1024,Minnesota,1984,1.34,0.28,1.07,2.69
1025,Minnesota,1983,1.38,0.27,1.1,2.74
1026,Minnesota,1982,1.37,0.27,1.11,2.75
1027,Minnesota,1981,1.39,0.27,1.18,2.84
1028,Minnesota,1980,1.39,0.26,1.2,2.85
1029,Minnesota,1979,1.36,0.24,1.17,2.77
1030,Minnesota,1978,1.32,0.23,1.16,2.71
1031,Minnesota,1977,1.31,0.21,1.16,2.67
1032,Mississippi,2019,1.19,0.18,0.83,2.2
1033,Mississippi,2018,1.21,0.18,0.79,2.18
1034,Mississippi,2017,1.25,0.18,0.77,2.2
1035,Mississippi,2016,1.28,0.17,0.77,2.23
1036,Mississippi,2015,1.31,0.17,0.77,2.24
1037,Mississippi,2014,1.33,0.16,0.75,2.24
1038,Mississippi,2013,1.35,0.16,0.73,2.25
1039,Mississippi,2012,1.37,0.16,0.71,2.24
1040,Mississippi,2011,1.36,0.16,0.71,2.22
1041,Mississippi,2010,1.37,0.15,0.7,2.22
1042,Mississippi,2009,1.41,0.15,0.7,2.26
1043,Mississippi,2008,1.44,0.15,0.7,2.28
1044,Mississippi,2007,1.45,0.14,0.68,2.26
1045,Mississippi,2006,1.43,0.13,0.67,2.23
1046,Mississippi,2005,1.4,0.13,0.65,2.18
1047,Mississippi,2004,1.38,0.13,0.63,2.14
1048,Mississippi,2003,1.38,0.12,0.63,2.13
1049,Mississippi,2002,1.41,0.12,0.61,2.13
1050,Mississippi,2001,1.4,0.11,0.6,2.11
1051,Mississippi,2000,1.43,0.11,0.61,2.14
1052,Mississippi,1999,1.42,0.11,0.61,2.14
1053,Mississippi,1998,1.4,0.09,0.59,2.08
1054,Mississippi,1997,1.39,0.09,0.61,2.09
1055,Mississippi,1996,1.42,0.1,0.62,2.14
1056,Mississippi,1995,1.37,0.1,0.61,2.09
1057,Mississippi,1994,1.28,0.08,0.63,2.0
1058,Mississippi,1993,1.37,0.1,0.63,2.11
1059,Mississippi,1992,1.35,0.09,0.63,2.08
1060,Mississippi,1991,1.32,0.09,0.64,2.05
1061,Mississippi,1990,1.34,0.09,0.65,2.08
1062,Mississippi,1989,1.28,0.09,0.66,2.04
1063,Mississippi,1988,1.3,0.09,0.67,2.06
1064,Mississippi,1987,1.28,0.09,0.66,2.04
1065,Mississippi,1986,1.28,0.1,0.69,2.07
1066,Mississippi,1985,1.22,0.1,0.74,2.07
1067,Mississippi,1984,1.2,0.11,0.77,2.08
1068,Mississippi,1983,1.2,0.11,0.8,2.1
1069,Mississippi,1982,1.18,0.11,0.81,2.1
1070,Mississippi,1981,1.19,0.11,0.84,2.13
1071,Mississippi,1980,1.13,0.1,0.86,2.09
1072,Mississippi,1979,1.1,0.09,0.81,2.0
1073,Mississippi,1978,1.11,0.1,0.88,2.09
1074,Mississippi,1977,1.04,0.1,0.83,1.98
1075,Missouri,2019,1.09,0.37,1.09,2.56
1076,Missouri,2018,1.11,0.38,1.02,2.51
1077,Missouri,2017,1.13,0.39,1.01,2.53
1078,Missouri,2016,1.16,0.38,0.96,2.49
1079,Missouri,2015,1.17,0.39,0.97,2.53
1080,Missouri,2014,1.16,0.36,0.88,2.4
1081,Missouri,2013,1.19,0.36,0.89,2.44
1082,Missouri,2012,1.22,0.34,0.86,2.42
1083,Missouri,2011,1.24,0.34,0.86,2.45
1084,Missouri,2010,1.27,0.32,0.81,2.41
1085,Missouri,2009,1.3,0.3,0.83,2.43
1086,Missouri,2008,1.32,0.3,0.8,2.42
1087,Missouri,2007,1.33,0.3,0.78,2.4
1088,Missouri,2006,1.33,0.28,0.76,2.37
1089,Missouri,2005,1.31,0.27,0.73,2.3
1090,Missouri,2004,1.33,0.27,0.72,2.32
1091,Missouri,2003,1.34,0.26,0.7,2.29
1092,Missouri,2002,1.36,0.25,0.67,2.27
1093,Missouri,2001,1.34,0.23,0.67,2.25
1094,Missouri,2000,1.35,0.23,0.67,2.25
1095,Missouri,1999,1.35,0.23,0.66,2.23
1096,Missouri,1998,1.33,0.23,0.63,2.18
1097,Missouri,1997,1.3,0.22,0.63,2.15
1098,Missouri,1996,1.31,0.22,0.57,2.1
1099,Missouri,1995,1.31,0.2,0.62,2.14
1100,Missouri,1994,1.36,0.19,0.66,2.21
1101,Missouri,1993,1.33,0.2,0.67,2.2
1102,Missouri,1992,1.34,0.21,0.69,2.24
1103,Missouri,1991,1.35,0.22,0.64,2.2
1104,Missouri,1990,1.37,0.22,0.7,2.3
1105,Missouri,1989,1.36,0.23,0.7,2.28
1106,Missouri,1988,1.35,0.26,0.7,2.31
1107,Missouri,1987,1.38,0.28,0.73,2.39
1108,Missouri,1986,1.38,0.28,0.73,2.39
1109,Missouri,1985,1.34,0.26,0.77,2.37
1110,Missouri,1984,1.35,0.26,0.68,2.29
1111,Missouri,1983,1.38,0.22,0.78,2.38
1112,Missouri,1982,1.39,0.22,0.79,2.39
1113,Missouri,1981,1.41,0.22,0.84,2.46
1114,Missouri,1980,1.39,0.2,0.84,2.44
1115,Missouri,1979,1.36,0.2,0.86,2.42
1116,Missouri,1978,1.31,0.19,0.89,2.39
1117,Missouri,1977,1.23,0.19,0.83,2.24
1118,Montana,2019,1.62,0.51,1.03,3.16
1119,Montana,2018,1.61,0.51,0.99,3.11
1120,Montana,2017,1.61,0.51,0.98,3.1
1121,Montana,2016,1.62,0.52,0.98,3.12
1122,Montana,2015,1.63,0.5,0.96,3.09
1123,Montana,2014,1.63,0.5,0.96,3.09
1124,Montana,2013,1.64,0.49,0.95,3.07
1125,Montana,2012,1.65,0.48,0.94,3.08
1126,Montana,2011,1.61,0.47,0.9,2.98
1127,Montana,2010,1.65,0.45,0.88,2.98
1128,Montana,2009,1.64,0.45,0.87,2.96
1129,Montana,2008,1.66,0.44,0.87,2.97
1130,Montana,2007,1.66,0.43,0.85,2.94
1131,Montana,2006,1.63,0.41,0.82,2.87
1132,Montana,2005,1.59,0.42,0.77,2.78
1133,Montana,2004,1.57,0.34,0.75,2.66
1134,Montana,2003,1.56,0.33,0.72,2.62
1135,Montana,2002,1.62,0.33,0.7,2.65
1136,Montana,2001,1.58,0.3,0.68,2.56
1137,Montana,2000,1.57,0.29,0.68,2.54
1138,Montana,1999,1.56,0.28,0.67,2.51
1139,Montana,1998,1.53,0.27,0.65,2.45
1140,Montana,1997,1.41,0.27,0.64,2.32
1141,Montana,1996,1.55,0.26,0.64,2.45
1142,Montana,1995,1.52,0.25,0.78,2.55
1143,Montana,1994,1.57,0.24,0.7,2.51
1144,Montana,1993,1.49,0.25,0.73,2.47
1145,Montana,1992,1.59,0.26,0.75,2.61
1146,Montana,1991,1.61,0.28,0.76,2.64
1147,Montana,1990,1.61,0.29,0.77,2.67
1148,Montana,1989,1.59,0.29,0.73,2.61
1149,Montana,1988,1.61,0.32,0.77,2.7
1150,Montana,1987,1.59,0.34,0.78,2.7
1151,Montana,1986,1.6,0.34,0.82,2.76
1152,Montana,1985,1.62,0.33,0.89,2.84
1153,Montana,1984,1.71,0.32,0.93,2.97
1154,Montana,1983,1.8,0.32,0.99,3.11
1155,Montana,1982,1.82,0.32,1.02,3.16
1156,Montana,1981,1.9,0.33,1.05,3.27
1157,Montana,1980,1.82,0.35,1.03,3.2
1158,Montana,1979,1.83,0.41,1.05,3.29
1159,Montana,1978,1.82,0.2,1.07,3.09
1160,Montana,1977,1.82,0.2,1.1,3.11
1161,Nebraska,2019,1.2,0.22,0.74,2.16
1162,Nebraska,2018,1.22,0.22,0.74,2.17
1163,Nebraska,2017,1.26,0.22,0.72,2.2
1164,Nebraska,2016,1.3,0.22,0.72,2.24
1165,Nebraska,2015,1.34,0.22,0.71,2.27
1166,Nebraska,2014,1.37,0.21,0.72,2.3
1167,Nebraska,2013,1.39,0.21,0.71,2.32
1168,Nebraska,2012,1.41,0.21,0.69,2.32
1169,Nebraska,2011,1.39,0.21,0.69,2.29
1170,Nebraska,2010,1.4,0.21,0.67,2.28
1171,Nebraska,2009,1.42,0.2,0.67,2.29
1172,Nebraska,2008,1.45,0.2,0.68,2.33
1173,Nebraska,2007,1.43,0.2,0.67,2.31
1174,Nebraska,2006,1.42,0.21,0.71,2.35
1175,Nebraska,2005,1.41,0.2,0.68,2.29
1176,Nebraska,2004,1.44,0.2,0.65,2.28
1177,Nebraska,2003,1.43,0.19,0.63,2.24
1178,Nebraska,2002,1.45,0.17,0.61,2.23
1179,Nebraska,2001,1.43,0.16,0.6,2.2
1180,Nebraska,2000,1.44,0.17,0.62,2.23
1181,Nebraska,1999,1.42,0.17,0.6,2.19
1182,Nebraska,1998,1.39,0.18,0.58,2.16
1183,Nebraska,1997,1.35,0.18,0.56,2.09
1184,Nebraska,1996,1.35,0.18,0.57,2.11
1185,Nebraska,1995,1.35,0.19,0.57,2.1
1186,Nebraska,1994,1.39,0.18,0.57,2.14
1187,Nebraska,1993,1.37,0.18,0.59,2.14
1188,Nebraska,1992,1.37,0.18,0.61,2.16
1189,Nebraska,1991,1.4,0.18,0.61,2.19
1190,Nebraska,1990,1.41,0.2,0.64,2.25
1191,Nebraska,1989,1.41,0.2,0.64,2.26
1192,Nebraska,1988,1.41,0.22,0.66,2.3
1193,Nebraska,1987,1.43,0.23,0.67,2.33
1194,Nebraska,1986,1.41,0.23,0.69,2.33
1195,Nebraska,1985,1.41,0.22,0.76,2.39
1196,Nebraska,1984,1.46,0.21,0.77,2.43
1197,Nebraska,1983,1.5,0.21,0.8,2.51
1198,Nebraska,1982,1.51,0.28,0.58,2.37
1199,Nebraska,1981,1.57,0.2,0.88,2.65
1200,Nebraska,1980,1.56,0.19,0.88,2.63
1201,Nebraska,1979,1.52,0.18,0.89,2.59
1202,Nebraska,1978,1.48,0.18,0.9,2.56
1203,Nebraska,1977,1.46,0.17,0.91,2.54
1204,Nevada,2019,1.33,0.6,1.48,3.41
1205,Nevada,2018,1.36,0.61,1.48,3.44
1206,Nevada,2017,1.4,0.61,1.46,3.47
1207,Nevada,2016,1.42,0.62,1.46,3.5
1208,Nevada,2015,1.39,0.66,1.3,3.35
1209,Nevada,2014,1.41,0.66,1.31,3.38
1210,Nevada,2013,1.41,0.63,1.28,3.32
1211,Nevada,2012,1.41,0.62,1.25,3.28
1212,Nevada,2011,1.45,0.63,1.27,3.35
1213,Nevada,2010,1.49,0.6,1.21,3.3
1214,Nevada,2009,1.53,0.56,1.11,3.21
1215,Nevada,2008,1.63,0.61,1.29,3.53
1216,Nevada,2007,1.66,0.62,1.23,3.52
1217,Nevada,2006,1.71,0.65,1.28,3.63
1218,Nevada,2005,1.69,0.62,1.21,3.52
1219,Nevada,2004,1.73,0.63,1.25,3.61
1220,Nevada,2003,1.74,0.61,1.23,3.59
1221,Nevada,2002,1.74,0.6,1.22,3.56
1222,Nevada,2001,1.79,0.59,1.21,3.59
1223,Nevada,2000,1.79,0.62,1.26,3.67
1224,Nevada,1999,1.82,0.63,1.29,3.74
1225,Nevada,1998,1.8,0.58,1.23,3.62
1226,Nevada,1997,1.84,0.58,1.3,3.72
1227,Nevada,1996,1.91,0.59,1.39,3.89
1228,Nevada,1995,1.87,0.58,1.39,3.84
1229,Nevada,1994,1.93,0.57,1.51,4.0
1230,Nevada,1993,1.95,0.58,1.54,4.07
1231,Nevada,1992,2.02,0.62,1.61,4.25
1232,Nevada,1991,2.05,0.63,1.63,4.31
1233,Nevada,1990,2.17,0.69,1.92,4.78
1234,Nevada,1989,2.12,0.71,1.87,4.7
1235,Nevada,1988,2.08,0.76,1.95,4.8
1236,Nevada,1987,2.01,0.83,2.05,4.89
1237,Nevada,1986,2.04,0.86,2.07,4.97
1238,Nevada,1985,1.96,0.84,2.18,4.99
1239,Nevada,1984,1.97,0.8,2.32,5.1
1240,Nevada,1983,1.96,0.78,2.43,5.18
1241,Nevada,1982,2.0,0.77,2.5,5.27
1242,Nevada,1981,2.08,0.8,2.71,5.59
1243,Nevada,1980,2.06,0.78,2.9,5.75
1244,Nevada,1979,2.07,0.79,2.97,5.83
1245,Nevada,1978,2.01,0.77,3.34,6.13
1246,Nevada,1977,1.99,0.77,3.56,6.32
1247,New Hampshire,2019,1.8,0.82,2.12,4.74
1248,New Hampshire,2018,1.79,0.84,2.05,4.68
1249,New Hampshire,2017,1.83,0.87,2.01,4.72
1250,New Hampshire,2016,1.86,0.88,1.99,4.74
1251,New Hampshire,2015,1.87,0.88,1.95,4.7
1252,New Hampshire,2014,1.69,0.89,1.95,4.53
1253,New Hampshire,2013,1.86,0.89,1.92,4.67
1254,New Hampshire,2012,1.9,0.86,1.88,4.64
1255,New Hampshire,2011,1.86,0.92,1.98,4.76
1256,New Hampshire,2010,1.81,0.84,1.85,4.5
1257,New Hampshire,2009,1.79,0.84,1.84,4.47
1258,New Hampshire,2008,1.78,0.81,1.79,4.39
1259,New Hampshire,2007,1.82,0.79,1.75,4.36
1260,New Hampshire,2006,1.73,0.78,1.77,4.28
1261,New Hampshire,2005,1.75,0.75,1.71,4.2
1262,New Hampshire,2004,1.74,0.73,1.67,4.14
1263,New Hampshire,2003,1.75,0.71,1.63,4.09
1264,New Hampshire,2002,1.75,0.7,1.64,4.09
1265,New Hampshire,2001,1.75,0.66,1.62,4.03
1266,New Hampshire,2000,1.78,0.65,1.63,4.06
1267,New Hampshire,1999,1.78,0.65,1.64,4.07
1268,New Hampshire,1998,1.77,0.55,1.67,3.99
1269,New Hampshire,1997,1.78,0.54,1.72,4.04
1270,New Hampshire,1996,1.78,0.53,1.79,4.11
1271,New Hampshire,1995,1.73,0.5,1.79,4.02
1272,New Hampshire,1994,1.75,0.48,1.9,4.13
1273,New Hampshire,1993,1.83,0.54,2.01,4.38
1274,New Hampshire,1992,1.81,0.52,1.96,4.3
1275,New Hampshire,1991,1.85,0.49,1.96,4.3
1276,New Hampshire,1990,1.85,0.49,1.97,4.3
1277,New Hampshire,1989,1.87,0.5,2.0,4.38
1278,New Hampshire,1988,1.91,0.49,1.94,4.34
1279,New Hampshire,1987,1.93,0.5,1.99,4.42
1280,New Hampshire,1986,1.93,0.52,2.06,4.52
1281,New Hampshire,1985,1.99,0.53,2.22,4.74
1282,New Hampshire,1984,1.99,0.59,2.33,4.92
1283,New Hampshire,1983,2.17,0.56,2.36,5.09
1284,New Hampshire,1982,1.9,0.59,2.35,4.84
1285,New Hampshire,1981,1.89,0.59,2.43,4.91
1286,New Hampshire,1980,1.93,0.6,2.49,5.02
1287,New Hampshire,1979,1.94,0.61,2.56,5.1
1288,New Hampshire,1978,1.95,0.53,2.88,5.36
1289,New Hampshire,1977,1.86,0.49,2.88,5.23
1290,New Jersey,2019,0.8,0.58,1.01,2.39
1291,New Jersey,2018,0.8,0.58,0.98,2.36
1292,New Jersey,2017,0.8,0.6,0.96,2.36
1293,New Jersey,2016,0.83,0.6,0.93,2.36
1294,New Jersey,2015,0.84,0.6,0.93,2.37
1295,New Jersey,2014,0.84,0.62,0.93,2.39
1296,New Jersey,2013,0.84,0.61,0.92,2.37
1297,New Jersey,2012,0.89,0.6,0.91,2.4
1298,New Jersey,2011,0.89,0.58,0.89,2.37
1299,New Jersey,2010,0.92,0.57,0.86,2.35
1300,New Jersey,2009,0.91,0.57,0.86,2.34
1301,New Jersey,2008,0.93,0.55,0.86,2.35
1302,New Jersey,2007,0.93,0.55,0.86,2.33
1303,New Jersey,2006,0.95,0.54,0.85,2.33
1304,New Jersey,2005,0.95,0.52,0.83,2.3
1305,New Jersey,2004,0.96,0.52,0.82,2.3
1306,New Jersey,2003,0.95,0.5,0.8,2.24
1307,New Jersey,2002,0.98,0.49,0.77,2.24
1308,New Jersey,2001,0.99,0.47,0.75,2.2
1309,New Jersey,2000,0.97,0.47,0.76,2.2
1310,New Jersey,1999,0.97,0.47,0.74,2.18
1311,New Jersey,1998,0.98,0.46,0.71,2.15
1312,New Jersey,1997,0.99,0.46,0.74,2.19
1313,New Jersey,1996,1.0,0.44,0.76,2.2
1314,New Jersey,1995,1.06,0.44,0.79,2.28
1315,New Jersey,1994,1.04,0.43,0.79,2.27
1316,New Jersey,1993,1.07,0.42,0.79,2.29
1317,New Jersey,1992,1.07,0.44,0.83,2.34
1318,New Jersey,1991,1.09,0.43,0.82,2.34
1319,New Jersey,1990,1.15,0.48,0.95,2.58
1320,New Jersey,1989,1.13,0.5,0.95,2.58
1321,New Jersey,1988,1.15,0.51,0.93,2.58
1322,New Jersey,1987,1.18,0.54,1.0,2.72
1323,New Jersey,1986,1.17,0.56,1.03,2.77
1324,New Jersey,1985,1.17,0.55,1.07,2.79
1325,New Jersey,1984,1.18,0.54,1.1,2.82
1326,New Jersey,1983,1.2,0.52,1.13,2.85
1327,New Jersey,1982,1.21,0.52,1.13,2.87
1328,New Jersey,1981,1.21,0.51,1.15,2.87
1329,New Jersey,1980,1.22,0.47,1.13,2.82
1330,New Jersey,1979,1.18,0.43,1.1,2.71
1331,New Jersey,1978,1.17,0.41,1.1,2.69
1332,New Jersey,1977,1.16,0.4,1.13,2.69
1333,New Mexico,2019,1.16,0.31,0.78,2.25
1334,New Mexico,2018,1.07,0.31,0.89,2.27
1335,New Mexico,2017,1.05,0.3,0.81,2.16
1336,New Mexico,2016,1.11,0.31,0.84,2.26
1337,New Mexico,2015,1.02,0.3,0.78,2.1
1338,New Mexico,2014,1.29,0.31,0.82,2.41
1339,New Mexico,2013,1.17,0.34,0.84,2.34
1340,New Mexico,2012,1.24,0.33,0.79,2.36
1341,New Mexico,2011,1.32,0.31,0.72,2.35
1342,New Mexico,2010,1.23,0.31,0.74,2.28
1343,New Mexico,2009,1.34,0.31,0.72,2.38
1344,New Mexico,2008,1.41,0.31,0.71,2.43
1345,New Mexico,2007,1.39,0.3,0.7,2.39
1346,New Mexico,2006,1.37,0.3,0.69,2.36
1347,New Mexico,2005,1.47,0.29,0.66,2.42
1348,New Mexico,2004,1.46,0.25,0.66,2.36
1349,New Mexico,2003,1.52,0.27,0.61,2.4
1350,New Mexico,2002,1.52,0.26,0.61,2.4
1351,New Mexico,2001,1.54,0.25,0.61,2.39
1352,New Mexico,2000,1.53,0.25,0.61,2.38
1353,New Mexico,1999,1.53,0.25,0.59,2.36
1354,New Mexico,1998,1.49,0.24,0.58,2.31
1355,New Mexico,1997,1.51,0.24,0.58,2.33
1356,New Mexico,1996,1.55,0.24,0.59,2.38
1357,New Mexico,1995,1.56,0.24,0.6,2.4
1358,New Mexico,1994,1.46,0.19,0.6,2.25
1359,New Mexico,1993,1.53,0.23,0.63,2.39
1360,New Mexico,1992,1.56,0.25,0.66,2.47
1361,New Mexico,1991,1.64,0.26,0.64,2.54
1362,New Mexico,1990,1.68,0.28,0.68,2.64
1363,New Mexico,1989,1.67,0.29,0.66,2.62
1364,New Mexico,1988,1.66,0.33,0.68,2.67
1365,New Mexico,1987,1.65,0.36,0.68,2.69
1366,New Mexico,1986,1.66,0.36,0.71,2.73
1367,New Mexico,1985,1.71,0.36,0.77,2.84
1368,New Mexico,1984,1.72,0.28,0.76,2.76
1369,New Mexico,1983,1.72,0.31,0.98,3.01
1370,New Mexico,1982,1.72,0.34,0.93,2.99
1371,New Mexico,1981,1.73,0.32,0.95,3.0
1372,New Mexico,1980,1.65,0.32,0.99,2.97
1373,New Mexico,1979,1.64,0.29,0.97,2.91
1374,New Mexico,1978,1.65,0.31,0.96,2.93
1375,New Mexico,1977,1.62,0.31,0.95,2.88
1376,New York,2019,0.88,0.54,0.81,2.22
1377,New York,2018,0.88,0.52,0.81,2.22
1378,New York,2017,0.9,0.54,0.79,2.23
1379,New York,2016,0.91,0.53,0.79,2.23
1380,New York,2015,0.91,0.5,0.78,2.19
1381,New York,2014,0.9,0.54,0.77,2.2
1382,New York,2013,0.93,0.51,0.77,2.22
1383,New York,2012,0.91,0.51,0.75,2.17
1384,New York,2011,0.89,0.5,0.73,2.11
1385,New York,2010,0.89,0.48,0.71,2.09
1386,New York,2009,0.92,0.47,0.7,2.08
1387,New York,2008,0.93,0.47,0.68,2.08
1388,New York,2007,0.93,0.47,0.69,2.1
1389,New York,2006,0.89,0.46,0.66,2.01
1390,New York,2005,0.91,0.43,0.65,1.99
1391,New York,2004,0.92,0.42,0.62,1.96
1392,New York,2003,0.93,0.4,0.61,1.94
1393,New York,2002,0.95,0.38,0.59,1.92
1394,New York,2001,0.96,0.37,0.56,1.89
1395,New York,2000,0.92,0.38,0.58,1.88
1396,New York,1999,0.93,0.37,0.56,1.85
1397,New York,1998,0.95,0.38,0.51,1.84
1398,New York,1997,0.86,0.36,0.56,1.79
1399,New York,1996,0.91,0.36,0.57,1.84
1400,New York,1995,1.0,0.38,0.57,1.95
1401,New York,1994,0.98,0.35,0.6,1.93
1402,New York,1993,1.0,0.35,0.62,1.97
1403,New York,1992,1.04,0.37,0.68,2.09
1404,New York,1991,1.09,0.37,0.69,2.14
1405,New York,1990,1.13,0.41,0.76,2.3
1406,New York,1989,1.11,0.42,0.81,2.34
1407,New York,1988,1.14,0.44,0.86,2.45
1408,New York,1987,1.14,0.47,0.9,2.51
1409,New York,1986,1.12,0.5,0.91,2.53
1410,New York,1985,1.14,0.49,0.98,2.61
1411,New York,1984,1.14,0.49,1.03,2.67
1412,New York,1983,1.23,0.49,1.05,2.77
1413,New York,1982,1.26,0.48,1.11,2.85
1414,New York,1981,1.25,0.46,1.12,2.83
1415,New York,1980,1.27,0.46,1.17,2.91
1416,New York,1979,1.21,0.44,1.17,2.83
1417,New York,1978,1.18,0.42,1.18,2.78
1418,New York,1977,1.18,0.39,1.18,2.75
1419,North Carolina,2019,1.04,0.45,0.7,2.2
1420,North Carolina,2018,1.04,0.45,0.68,2.17
1421,North Carolina,2017,1.05,0.44,0.65,2.14
1422,North Carolina,2016,1.05,0.43,0.64,2.12
1423,North Carolina,2015,1.06,0.42,0.63,2.11
1424,North Carolina,2014,1.05,0.41,0.61,2.07
1425,North Carolina,2013,1.04,0.4,0.6,2.04
1426,North Carolina,2012,1.06,0.38,0.6,2.04
1427,North Carolina,2011,1.05,0.37,0.58,2.01
1428,North Carolina,2010,1.07,0.35,0.57,2.0
1429,North Carolina,2009,1.1,0.34,0.57,2.01
1430,North Carolina,2008,1.13,0.33,0.57,2.03
1431,North Carolina,2007,1.15,0.34,0.56,2.04
1432,North Carolina,2006,1.14,0.33,0.54,2.01
1433,North Carolina,2005,1.13,0.3,0.54,1.96
1434,North Carolina,2004,1.16,0.3,0.53,1.99
1435,North Carolina,2003,1.21,0.27,0.52,2.0
1436,North Carolina,2002,1.25,0.27,0.5,2.02
1437,North Carolina,2001,1.24,0.25,0.51,2.0
1438,North Carolina,2000,1.22,0.25,0.52,1.98
1439,North Carolina,1999,1.21,0.24,0.51,1.96
1440,North Carolina,1998,1.21,0.23,0.5,1.94
1441,North Carolina,1997,1.22,0.23,0.52,1.97
1442,North Carolina,1996,1.21,0.24,0.53,1.98
1443,North Carolina,1995,1.12,0.21,0.53,1.87
1444,North Carolina,1994,1.14,0.21,0.54,1.89
1445,North Carolina,1993,1.14,0.22,0.56,1.92
1446,North Carolina,1992,1.14,0.23,0.59,1.96
1447,North Carolina,1991,1.11,0.24,0.6,1.96
1448,North Carolina,1990,1.16,0.27,0.65,2.08
1449,North Carolina,1989,1.13,0.27,0.66,2.05
1450,North Carolina,1988,1.11,0.28,0.68,2.08
1451,North Carolina,1987,1.11,0.28,0.71,2.09
1452,North Carolina,1986,1.11,0.3,0.74,2.15
1453,North Carolina,1985,1.1,0.27,0.76,2.13
1454,North Carolina,1984,1.11,0.24,0.78,2.13
1455,North Carolina,1983,1.11,0.22,0.8,2.12
1456,North Carolina,1982,1.07,0.21,0.85,2.13
1457,North Carolina,1981,1.1,0.21,0.86,2.16
1458,North Carolina,1980,1.1,0.2,0.85,2.16
1459,North Carolina,1979,1.04,0.21,0.84,2.09
1460,North Carolina,1978,1.02,0.19,0.83,2.04
1461,North Carolina,1977,0.98,0.19,0.81,1.98
1462,North Dakota,2019,1.49,0.33,1.37,3.19
1463,North Dakota,2018,1.5,0.34,1.33,3.17
1464,North Dakota,2017,1.51,0.34,1.3,3.15
1465,North Dakota,2016,1.51,0.34,1.29,3.14
1466,North Dakota,2015,1.58,0.35,1.33,3.26
1467,North Dakota,2014,1.68,0.35,1.4,3.43
1468,North Dakota,2013,1.69,0.32,1.38,3.39
1469,North Dakota,2012,1.75,0.3,1.38,3.43
1470,North Dakota,2011,1.66,0.26,1.26,3.18
1471,North Dakota,2010,1.49,0.25,1.19,2.93
1472,North Dakota,2009,1.59,0.24,1.13,2.96
1473,North Dakota,2008,1.6,0.23,1.11,2.94
1474,North Dakota,2007,1.53,0.23,1.06,2.82
1475,North Dakota,2006,1.5,0.2,1.0,2.7
1476,North Dakota,2005,1.48,0.18,0.94,2.6
1477,North Dakota,2004,1.49,0.18,0.82,2.49
1478,North Dakota,2003,1.53,0.17,0.86,2.56
1479,North Dakota,2002,1.51,0.16,0.83,2.5
1480,North Dakota,2001,1.46,0.15,0.81,2.42
1481,North Dakota,2000,1.47,0.15,0.79,2.4
1482,North Dakota,1999,1.48,0.15,0.78,2.41
1483,North Dakota,1998,1.45,0.13,0.76,2.35
1484,North Dakota,1997,1.4,0.13,0.77,2.3
1485,North Dakota,1996,1.4,0.13,0.77,2.3
1486,North Dakota,1995,1.36,0.16,0.77,2.28
1487,North Dakota,1994,1.39,0.15,0.78,2.32
1488,North Dakota,1993,1.37,0.15,0.84,2.36
1489,North Dakota,1992,1.38,0.15,0.85,2.39
1490,North Dakota,1991,1.43,0.16,0.86,2.44
1491,North Dakota,1990,1.47,0.17,0.93,2.56
1492,North Dakota,1989,1.41,0.17,0.86,2.44
1493,North Dakota,1988,1.41,0.19,0.88,2.48
1494,North Dakota,1987,1.37,0.21,0.89,2.47
1495,North Dakota,1986,1.34,0.22,0.87,2.44
1496,North Dakota,1985,1.34,0.19,0.96,2.5
1497,North Dakota,1984,1.41,0.17,0.99,2.56
1498,North Dakota,1983,1.49,0.17,1.05,2.71
1499,North Dakota,1982,1.52,0.18,1.09,2.79
1500,North Dakota,1981,1.53,0.18,1.14,2.85
1501,North Dakota,1980,1.52,0.17,1.13,2.82
1502,North Dakota,1979,1.46,0.16,1.1,2.72
1503,North Dakota,1978,1.45,0.16,1.15,2.76
1504,North Dakota,1977,1.35,0.15,1.12,2.62
1505,Ohio,2019,1.09,0.31,0.65,2.05
1506,Ohio,2018,1.1,0.31,0.62,2.03
1507,Ohio,2017,1.12,0.31,0.6,2.02
1508,Ohio,2016,1.15,0.31,0.58,2.03
1509,Ohio,2015,1.17,0.3,0.56,2.03
1510,Ohio,2014,1.19,0.3,0.54,2.03
1511,Ohio,2013,1.22,0.3,0.53,2.04
1512,Ohio,2012,1.23,0.29,0.51,2.03
1513,Ohio,2011,1.24,0.28,0.49,2.02
1514,Ohio,2010,1.29,0.25,0.48,2.02
1515,Ohio,2009,1.3,0.27,0.47,2.03
1516,Ohio,2008,1.33,0.26,0.46,2.05
1517,Ohio,2007,1.34,0.25,0.45,2.04
1518,Ohio,2006,1.33,0.24,0.44,2.01
1519,Ohio,2005,1.34,0.23,0.43,2.0
1520,Ohio,2004,1.34,0.22,0.42,1.97
1521,Ohio,2003,1.34,0.22,0.4,1.95
1522,Ohio,2002,1.35,0.21,0.39,1.95
1523,Ohio,2001,1.34,0.21,0.39,1.93
1524,Ohio,2000,1.32,0.21,0.38,1.91
1525,Ohio,1999,1.32,0.2,0.37,1.9
1526,Ohio,1998,1.3,0.19,0.44,1.94
1527,Ohio,1997,1.28,0.19,0.43,1.9
1528,Ohio,1996,1.36,0.18,0.43,1.97
1529,Ohio,1995,1.29,0.17,0.43,1.89
1530,Ohio,1994,1.31,0.16,0.37,1.85
1531,Ohio,1993,1.29,0.16,0.5,1.95
1532,Ohio,1992,1.32,0.17,0.5,1.98
1533,Ohio,1991,1.33,0.18,0.51,2.03
1534,Ohio,1990,1.34,0.22,0.53,2.09
1535,Ohio,1989,1.36,0.22,0.51,2.09
1536,Ohio,1988,1.35,0.24,0.55,2.13
1537,Ohio,1987,1.35,0.24,0.59,2.18
1538,Ohio,1986,1.32,0.25,0.6,2.18
1539,Ohio,1985,1.37,0.25,0.59,2.21
1540,Ohio,1984,1.41,0.25,0.61,2.27
1541,Ohio,1983,1.36,0.22,0.65,2.23
1542,Ohio,1982,1.4,0.22,0.66,2.28
1543,Ohio,1981,1.35,0.22,0.68,2.25
1544,Ohio,1980,1.39,0.21,0.72,2.33
1545,Ohio,1979,1.35,0.19,0.7,2.25
1546,Ohio,1978,1.19,0.2,0.7,2.08
1547,Ohio,1977,1.16,0.18,0.7,2.03
1548,Oklahoma,2019,0.98,0.19,0.66,1.84
1549,Oklahoma,2018,1.0,0.2,0.66,1.86
1550,Oklahoma,2017,1.03,0.2,0.65,1.87
1551,Oklahoma,2016,1.05,0.2,0.64,1.89
1552,Oklahoma,2015,1.07,0.19,0.62,1.89
1553,Oklahoma,2014,1.09,0.19,0.63,1.91
1554,Oklahoma,2013,1.11,0.19,0.62,1.93
1555,Oklahoma,2012,1.14,0.19,0.61,1.94
1556,Oklahoma,2011,1.14,0.19,0.59,1.92
1557,Oklahoma,2010,1.16,0.18,0.58,1.92
1558,Oklahoma,2009,1.17,0.18,0.58,1.93
1559,Oklahoma,2008,1.22,0.18,0.58,1.97
1560,Oklahoma,2007,1.17,0.17,0.57,1.91
1561,Oklahoma,2006,1.13,0.17,0.56,1.87
1562,Oklahoma,2005,1.09,0.16,0.55,1.8
1563,Oklahoma,2004,1.11,0.13,0.46,1.7
1564,Oklahoma,2003,1.06,0.13,0.74,1.93
1565,Oklahoma,2002,1.12,0.13,0.58,1.82
1566,Oklahoma,2001,1.11,0.12,0.43,1.65
1567,Oklahoma,2000,1.12,0.12,0.44,1.69
1568,Oklahoma,1999,1.11,0.12,0.44,1.68
1569,Oklahoma,1998,1.12,0.12,0.43,1.68
1570,Oklahoma,1997,1.1,0.12,0.43,1.65
1571,Oklahoma,1996,1.09,0.12,0.45,1.66
1572,Oklahoma,1995,1.1,0.12,0.44,1.66
1573,Oklahoma,1994,1.15,0.13,0.5,1.78
1574,Oklahoma,1993,1.11,0.11,0.48,1.7
1575,Oklahoma,1992,1.13,0.13,0.55,1.81
1576,Oklahoma,1991,1.09,0.13,0.54,1.76
1577,Oklahoma,1990,1.12,0.14,0.55,1.81
1578,Oklahoma,1989,1.08,0.14,0.54,1.75
1579,Oklahoma,1988,1.07,0.14,0.52,1.73
1580,Oklahoma,1987,1.06,0.15,0.58,1.79
1581,Oklahoma,1986,1.06,0.15,0.62,1.84
1582,Oklahoma,1985,1.05,0.15,0.68,1.88
1583,Oklahoma,1984,1.0,0.16,0.74,1.91
1584,Oklahoma,1983,1.04,0.16,0.77,1.97
1585,Oklahoma,1982,1.15,0.16,0.82,2.14
1586,Oklahoma,1981,1.14,0.16,0.83,2.13
1587,Oklahoma,1980,1.07,0.16,0.71,1.94
1588,Oklahoma,1979,1.03,0.13,0.78,1.94
1589,Oklahoma,1978,1.05,0.14,0.8,2.0
1590,Oklahoma,1977,1.04,0.13,0.77,1.95
1591,Oregon,2019,1.16,0.57,0.98,2.71
1592,Oregon,2018,1.21,0.58,0.95,2.74
1593,Oregon,2017,1.24,0.59,0.93,2.76
1594,Oregon,2016,1.24,0.6,0.92,2.76
1595,Oregon,2015,1.23,0.58,0.9,2.71
1596,Oregon,2014,1.23,0.57,0.9,2.7
1597,Oregon,2013,1.2,0.57,0.89,2.66
1598,Oregon,2012,1.21,0.57,0.89,2.66
1599,Oregon,2011,1.18,0.56,0.85,2.59
1600,Oregon,2010,1.19,0.49,0.83,2.51
1601,Oregon,2009,1.28,0.49,0.82,2.59
1602,Oregon,2008,1.22,0.49,0.83,2.54
1603,Oregon,2007,1.35,0.5,0.81,2.65
1604,Oregon,2006,1.32,0.49,0.78,2.59
1605,Oregon,2005,1.16,0.5,0.75,2.4
1606,Oregon,2004,1.23,0.49,0.72,2.44
1607,Oregon,2003,1.2,0.47,0.69,2.36
1608,Oregon,2002,1.22,0.46,0.66,2.34
1609,Oregon,2001,1.22,0.43,0.65,2.3
1610,Oregon,2000,1.2,0.44,0.64,2.28
1611,Oregon,1999,1.21,0.43,0.63,2.27
1612,Oregon,1998,1.2,0.43,0.61,2.25
1613,Oregon,1997,1.19,0.44,0.6,2.24
1614,Oregon,1996,1.23,0.44,0.61,2.27
1615,Oregon,1995,1.21,0.42,0.59,2.23
1616,Oregon,1994,1.23,0.37,0.62,2.21
1617,Oregon,1993,1.24,0.43,0.64,2.31
1618,Oregon,1992,1.29,0.46,0.67,2.41
1619,Oregon,1991,1.28,0.44,0.67,2.38
1620,Oregon,1990,1.32,0.47,0.73,2.51
1621,Oregon,1989,1.28,0.47,0.7,2.46
1622,Oregon,1988,1.29,0.52,0.72,2.52
1623,Oregon,1987,1.28,0.53,0.73,2.54
1624,Oregon,1986,1.28,0.55,0.74,2.57
1625,Oregon,1985,1.25,0.55,0.77,2.58
1626,Oregon,1984,1.28,0.53,0.82,2.63
1627,Oregon,1983,1.32,0.53,0.85,2.7
1628,Oregon,1982,1.32,0.52,0.88,2.72
1629,Oregon,1981,1.37,0.5,0.92,2.79
1630,Oregon,1980,1.36,0.5,0.94,2.81
1631,Oregon,1979,1.36,0.47,0.94,2.77
1632,Oregon,1978,1.32,0.46,0.96,2.74
1633,Oregon,1977,1.3,0.45,0.94,2.7
1634,Pennsylvania,2019,1.32,0.33,0.74,2.39
1635,Pennsylvania,2018,1.31,0.33,0.72,2.36
1636,Pennsylvania,2017,1.3,0.33,0.72,2.35
1637,Pennsylvania,2016,1.31,0.33,0.72,2.36
1638,Pennsylvania,2015,1.31,0.32,0.7,2.33
1639,Pennsylvania,2014,1.32,0.32,0.7,2.34
1640,Pennsylvania,2013,1.34,0.31,0.68,2.33
1641,Pennsylvania,2012,1.36,0.31,0.67,2.34
1642,Pennsylvania,2011,1.37,0.3,0.66,2.33
1643,Pennsylvania,2010,1.37,0.29,0.64,2.3
1644,Pennsylvania,2009,1.37,0.28,0.63,2.27
1645,Pennsylvania,2008,1.36,0.26,0.61,2.23
1646,Pennsylvania,2007,1.35,0.25,0.58,2.18
1647,Pennsylvania,2006,1.32,0.23,0.55,2.1
1648,Pennsylvania,2005,1.32,0.23,0.55,2.11
1649,Pennsylvania,2004,1.3,0.23,0.53,2.06
1650,Pennsylvania,2003,1.31,0.22,0.51,2.04
1651,Pennsylvania,2002,1.35,0.21,0.49,2.06
1652,Pennsylvania,2001,1.33,0.2,0.48,2.02
1653,Pennsylvania,2000,1.29,0.2,0.47,1.96
1654,Pennsylvania,1999,1.27,0.2,0.46,1.92
1655,Pennsylvania,1998,1.21,0.18,0.45,1.85
1656,Pennsylvania,1997,1.33,0.18,0.45,1.95
1657,Pennsylvania,1996,1.26,0.18,0.45,1.88
1658,Pennsylvania,1995,1.26,0.17,0.45,1.88
1659,Pennsylvania,1994,1.28,0.18,0.47,1.93
1660,Pennsylvania,1993,1.31,0.17,0.48,1.96
1661,Pennsylvania,1992,1.3,0.18,0.51,1.99
1662,Pennsylvania,1991,1.36,0.17,0.52,2.05
1663,Pennsylvania,1990,1.42,0.18,0.55,2.15
1664,Pennsylvania,1989,1.38,0.18,0.57,2.13
1665,Pennsylvania,1988,1.41,0.19,0.54,2.14
1666,Pennsylvania,1987,1.4,0.2,0.62,2.22
1667,Pennsylvania,1986,1.4,0.21,0.64,2.25
1668,Pennsylvania,1985,1.38,0.21,0.65,2.23
1669,Pennsylvania,1984,1.38,0.21,0.67,2.26
1670,Pennsylvania,1983,1.41,0.22,0.67,2.31
1671,Pennsylvania,1982,1.44,0.23,0.7,2.37
1672,Pennsylvania,1981,1.42,0.23,0.72,2.38
1673,Pennsylvania,1980,1.45,0.22,0.71,2.39
1674,Pennsylvania,1979,1.4,0.22,0.72,2.34
1675,Pennsylvania,1978,1.35,0.21,0.73,2.3
1676,Pennsylvania,1977,1.34,0.2,0.74,2.27
1677,Rhode Island,2019,0.87,0.55,1.16,2.58
1678,Rhode Island,2018,0.9,0.57,1.15,2.63
1679,Rhode Island,2017,0.93,0.58,1.09,2.6
1680,Rhode Island,2016,0.94,0.58,1.05,2.57
1681,Rhode Island,2015,0.96,0.57,0.99,2.52
1682,Rhode Island,2014,1.01,0.51,0.86,2.39
1683,Rhode Island,2013,1.0,0.57,0.98,2.56
1684,Rhode Island,2012,1.03,0.59,0.97,2.58
1685,Rhode Island,2011,1.04,0.58,0.94,2.55
1686,Rhode Island,2010,1.06,0.56,0.92,2.54
1687,Rhode Island,2009,1.07,0.55,0.85,2.47
1688,Rhode Island,2008,1.09,0.52,0.84,2.46
1689,Rhode Island,2007,1.1,0.53,0.82,2.45
1690,Rhode Island,2006,1.07,0.51,0.83,2.41
1691,Rhode Island,2005,0.98,0.49,0.82,2.29
1692,Rhode Island,2004,1.13,0.5,0.8,2.42
1693,Rhode Island,2003,1.13,0.51,0.8,2.45
1694,Rhode Island,2002,1.17,0.48,0.74,2.4
1695,Rhode Island,2001,1.19,0.46,0.7,2.36
1696,Rhode Island,2000,1.16,0.46,0.7,2.31
1697,Rhode Island,1999,1.14,0.45,0.69,2.29
1698,Rhode Island,1998,1.14,0.47,0.63,2.24
1699,Rhode Island,1997,1.22,0.44,0.64,2.3
1700,Rhode Island,1996,1.16,0.42,0.66,2.24
1701,Rhode Island,1995,1.18,0.38,0.63,2.19
1702,Rhode Island,1994,1.23,0.38,0.66,2.27
1703,Rhode Island,1993,1.22,0.36,0.69,2.27
1704,Rhode Island,1992,1.24,0.39,0.7,2.33
1705,Rhode Island,1991,1.33,0.37,0.71,2.41
1706,Rhode Island,1990,1.31,0.44,0.79,2.54
1707,Rhode Island,1989,1.35,0.46,0.86,2.67
1708,Rhode Island,1988,1.38,0.49,0.96,2.82
1709,Rhode Island,1987,1.39,0.51,0.93,2.83
1710,Rhode Island,1986,1.4,0.53,0.92,2.85
1711,Rhode Island,1985,1.4,0.51,1.03,2.93
1712,Rhode Island,1984,1.37,0.52,1.03,2.92
1713,Rhode Island,1983,1.48,0.5,1.06,3.04
1714,Rhode Island,1982,1.34,0.55,1.04,2.94
1715,Rhode Island,1981,1.36,0.53,1.04,2.92
1716,Rhode Island,1980,1.46,0.53,1.13,3.13
1717,Rhode Island,1979,1.42,0.49,1.08,2.98
1718,Rhode Island,1978,1.37,0.48,1.13,2.98
1719,Rhode Island,1977,1.35,0.42,1.09,2.86
1720,South Carolina,2019,1.08,0.25,0.81,2.14
1721,South Carolina,2018,1.11,0.25,0.81,2.17
1722,South Carolina,2017,1.14,0.25,0.8,2.19
1723,South Carolina,2016,1.18,0.25,0.8,2.23
1724,South Carolina,2015,1.21,0.25,0.79,2.25
1725,South Carolina,2014,1.23,0.25,0.8,2.28
1726,South Carolina,2013,1.26,0.25,0.8,2.31
1727,South Carolina,2012,1.28,0.25,0.79,2.32
1728,South Carolina,2011,1.29,0.25,0.78,2.31
1729,South Carolina,2010,1.31,0.24,0.76,2.31
1730,South Carolina,2009,1.35,0.24,0.76,2.34
1731,South Carolina,2008,1.39,0.24,0.76,2.4
1732,South Carolina,2007,1.42,0.24,0.76,2.42
1733,South Carolina,2006,1.45,0.24,0.76,2.45
1734,South Carolina,2005,1.43,0.24,0.75,2.42
1735,South Carolina,2004,1.39,0.24,0.76,2.38
1736,South Carolina,2003,1.38,0.23,0.74,2.35
1737,South Carolina,2002,1.4,0.22,0.67,2.3
1738,South Carolina,2001,1.4,0.22,0.65,2.27
1739,South Carolina,2000,1.49,0.22,0.72,2.43
1740,South Carolina,1999,1.48,0.22,0.72,2.41
1741,South Carolina,1998,1.44,0.21,0.72,2.37
1742,South Carolina,1997,1.48,0.2,0.71,2.4
1743,South Carolina,1996,1.38,0.21,0.71,2.3
1744,South Carolina,1995,1.33,0.19,0.68,2.2
1745,South Carolina,1994,1.38,0.17,0.74,2.29
1746,South Carolina,1993,1.36,0.2,0.75,2.3
1747,South Carolina,1992,1.34,0.2,0.79,2.33
1748,South Carolina,1991,1.34,0.22,0.84,2.41
1749,South Carolina,1990,1.44,0.25,0.92,2.61
1750,South Carolina,1989,1.39,0.24,0.86,2.49
1751,South Carolina,1988,1.38,0.26,0.9,2.54
1752,South Carolina,1987,1.35,0.27,0.89,2.52
1753,South Carolina,1986,1.31,0.27,0.93,2.52
1754,South Carolina,1985,1.28,0.25,1.0,2.53
1755,South Carolina,1984,1.27,0.24,1.01,2.52
1756,South Carolina,1983,1.27,0.2,1.02,2.49
1757,South Carolina,1982,1.23,0.2,0.99,2.43
1758,South Carolina,1981,1.24,0.19,1.04,2.48
1759,South Carolina,1980,1.22,0.18,1.06,2.45
1760,South Carolina,1979,1.18,0.16,1.12,2.45
1761,South Carolina,1978,1.14,0.17,1.15,2.45
1762,South Carolina,1977,1.12,0.16,1.09,2.37
1763,South Dakota,2019,1.35,0.23,0.78,2.35
1764,South Dakota,2018,1.38,0.23,0.78,2.39
1765,South Dakota,2017,1.53,0.3,1.02,2.85
1766,South Dakota,2016,1.46,0.31,1.1,2.88
1767,South Dakota,2015,1.49,0.29,1.03,2.81
1768,South Dakota,2014,1.5,0.25,0.99,2.75
1769,South Dakota,2013,1.53,0.28,1.02,2.82
1770,South Dakota,2012,1.54,0.26,0.96,2.76
1771,South Dakota,2011,1.52,0.28,0.97,2.77
1772,South Dakota,2010,1.53,0.24,0.92,2.69
1773,South Dakota,2009,1.54,0.22,0.89,2.65
1774,South Dakota,2008,1.57,0.22,0.87,2.66
1775,South Dakota,2007,1.52,0.22,0.87,2.61
1776,South Dakota,2006,1.51,0.19,0.79,2.5
1777,South Dakota,2005,1.5,0.19,0.83,2.52
1778,South Dakota,2004,1.51,0.18,0.76,2.45
1779,South Dakota,2003,1.52,0.16,0.74,2.41
1780,South Dakota,2002,1.51,0.15,0.67,2.34
1781,South Dakota,2001,1.49,0.15,0.71,2.35
1782,South Dakota,2000,1.46,0.15,0.69,2.3
1783,South Dakota,1999,1.43,0.14,0.7,2.27
1784,South Dakota,1998,1.41,0.13,0.68,2.23
1785,South Dakota,1997,1.33,0.13,0.69,2.15
1786,South Dakota,1996,1.33,0.13,0.68,2.15
1787,South Dakota,1995,1.35,0.12,0.73,2.21
1788,South Dakota,1994,1.38,0.12,0.73,2.24
1789,South Dakota,1993,1.35,0.12,0.73,2.2
1790,South Dakota,1992,1.37,0.15,0.74,2.26
1791,South Dakota,1991,1.37,0.15,0.76,2.27
1792,South Dakota,1990,1.36,0.18,0.8,2.34
1793,South Dakota,1989,1.3,0.15,0.72,2.17
1794,South Dakota,1988,1.25,0.16,0.79,2.21
1795,South Dakota,1987,1.27,0.2,0.81,2.28
1796,South Dakota,1986,1.26,0.2,0.83,2.29
1797,South Dakota,1985,1.23,0.18,0.95,2.35
1798,South Dakota,1984,1.28,0.17,0.9,2.35
1799,South Dakota,1983,1.31,0.17,0.96,2.44
1800,South Dakota,1982,1.29,0.18,0.97,2.44
1801,South Dakota,1981,1.31,0.19,1.04,2.54
1802,South Dakota,1980,1.3,0.18,1.07,2.56
1803,South Dakota,1979,1.23,0.17,1.04,2.44
1804,South Dakota,1978,1.2,0.17,1.05,2.42
1805,South Dakota,1977,1.16,0.17,1.07,2.39
1806,Tennessee,2019,0.98,0.33,0.88,2.19
1807,Tennessee,2018,0.98,0.32,0.84,2.14
1808,Tennessee,2017,0.99,0.32,0.81,2.11
1809,Tennessee,2016,1.02,0.33,0.79,2.14
1810,Tennessee,2015,1.04,0.27,0.76,2.06
1811,Tennessee,2014,1.04,0.26,0.73,2.02
1812,Tennessee,2013,1.05,0.25,0.7,2.0
1813,Tennessee,2012,1.07,0.25,0.68,2.0
1814,Tennessee,2011,1.13,0.24,0.66,2.04
1815,Tennessee,2010,1.04,0.22,0.61,1.88
1816,Tennessee,2009,1.05,0.21,0.57,1.83
1817,Tennessee,2008,1.1,0.2,0.57,1.87
1818,Tennessee,2007,1.13,0.2,0.56,1.9
1819,Tennessee,2006,1.14,0.19,0.56,1.89
1820,Tennessee,2005,1.19,0.19,0.55,1.92
1821,Tennessee,2004,1.22,0.18,0.53,1.93
1822,Tennessee,2003,1.27,0.18,0.52,1.96
1823,Tennessee,2002,1.17,0.17,0.51,1.86
1824,Tennessee,2001,1.15,0.16,0.5,1.81
1825,Tennessee,2000,1.19,0.16,0.51,1.85
1826,Tennessee,1999,1.19,0.15,0.49,1.83
1827,Tennessee,1998,1.19,0.15,0.5,1.84
1828,Tennessee,1997,1.15,0.15,0.5,1.8
1829,Tennessee,1996,1.14,0.15,0.51,1.8
1830,Tennessee,1995,1.17,0.15,0.51,1.83
1831,Tennessee,1994,1.18,0.15,0.53,1.86
1832,Tennessee,1993,1.2,0.14,0.54,1.87
1833,Tennessee,1992,1.21,0.14,0.56,1.9
1834,Tennessee,1991,1.19,0.13,0.54,1.87
1835,Tennessee,1990,1.22,0.14,0.6,1.96
1836,Tennessee,1989,1.2,0.14,0.6,1.93
1837,Tennessee,1988,1.22,0.15,0.61,1.97
1838,Tennessee,1987,1.19,0.15,0.63,1.97
1839,Tennessee,1986,1.18,0.16,0.63,1.98
1840,Tennessee,1985,1.12,0.16,0.68,1.97
1841,Tennessee,1984,1.11,0.15,0.7,1.97
1842,Tennessee,1983,1.11,0.14,0.7,1.95
1843,Tennessee,1982,1.13,0.14,0.7,1.97
1844,Tennessee,1981,1.14,0.13,0.71,1.98
1845,Tennessee,1980,1.1,0.12,0.69,1.91
1846,Tennessee,1979,1.1,0.11,0.7,1.91
1847,Tennessee,1978,1.12,0.1,0.7,1.93
1848,Tennessee,1977,1.07,0.1,0.69,1.86
1849,Texas,2019,1.21,0.33,0.74,2.28
1850,Texas,2018,1.21,0.34,0.71,2.26
1851,Texas,2017,1.27,0.35,0.72,2.34
1852,Texas,2016,1.3,0.34,0.69,2.34
1853,Texas,2015,1.28,0.33,0.67,2.29
1854,Texas,2014,1.25,0.33,0.65,2.23
1855,Texas,2013,1.3,0.32,0.63,2.25
1856,Texas,2012,1.33,0.32,0.63,2.28
1857,Texas,2011,1.35,0.31,0.61,2.27
1858,Texas,2010,1.35,0.29,0.59,2.23
1859,Texas,2009,1.41,0.28,0.58,2.26
1860,Texas,2008,1.43,0.27,0.58,2.28
1861,Texas,2007,1.41,0.27,0.56,2.24
1862,Texas,2006,1.43,0.26,0.55,2.24
1863,Texas,2005,1.43,0.25,0.53,2.2
1864,Texas,2004,1.45,0.24,0.52,2.21
1865,Texas,2003,1.46,0.23,0.51,2.19
1866,Texas,2002,1.49,0.22,0.5,2.21
1867,Texas,2001,1.51,0.21,0.49,2.21
1868,Texas,2000,1.53,0.22,0.5,2.25
1869,Texas,1999,1.54,0.2,0.49,2.23
1870,Texas,1998,1.52,0.2,0.5,2.21
1871,Texas,1997,1.56,0.19,0.47,2.22
1872,Texas,1996,1.57,0.2,0.49,2.26
1873,Texas,1995,1.58,0.19,0.5,2.27
1874,Texas,1994,1.6,0.2,0.51,2.31
1875,Texas,1993,1.6,0.2,0.53,2.33
1876,Texas,1992,1.65,0.24,0.55,2.45
1877,Texas,1991,1.6,0.25,0.55,2.4
1878,Texas,1990,1.64,0.26,0.58,2.47
1879,Texas,1989,1.62,0.27,0.58,2.46
1880,Texas,1988,1.61,0.28,0.59,2.47
1881,Texas,1987,1.62,0.29,0.61,2.52
1882,Texas,1986,1.67,0.31,0.65,2.63
1883,Texas,1985,1.68,0.3,0.73,2.71
1884,Texas,1984,1.73,0.28,0.79,2.8
1885,Texas,1983,1.72,0.27,0.79,2.78
1886,Texas,1982,1.83,0.18,0.84,2.84
1887,Texas,1981,1.84,0.24,0.85,2.94
1888,Texas,1980,1.75,0.22,0.8,2.77
1889,Texas,1979,1.7,0.14,0.84,2.68
1890,Texas,1978,1.64,0.14,0.82,2.6
1891,Texas,1977,1.59,0.14,0.78,2.51
1892,Utah,2019,0.56,0.19,0.57,1.33
1893,Utah,2018,0.58,0.2,0.57,1.35
1894,Utah,2017,0.61,0.2,0.56,1.36
1895,Utah,2016,0.63,0.19,0.53,1.34
1896,Utah,2015,0.65,0.2,0.55,1.4
1897,Utah,2014,0.66,0.19,0.52,1.37
1898,Utah,2013,0.67,0.19,0.51,1.37
1899,Utah,2012,0.69,0.19,0.5,1.38
1900,Utah,2011,0.68,0.18,0.49,1.36
1901,Utah,2010,0.7,0.18,0.47,1.35
1902,Utah,2009,0.72,0.17,0.47,1.36
1903,Utah,2008,0.76,0.17,0.47,1.41
1904,Utah,2007,0.77,0.16,0.44,1.38
1905,Utah,2006,0.73,0.16,0.44,1.33
1906,Utah,2005,0.7,0.16,0.41,1.27
1907,Utah,2004,0.76,0.15,0.39,1.3
1908,Utah,2003,0.76,0.14,0.39,1.3
1909,Utah,2002,0.77,0.14,0.39,1.3
1910,Utah,2001,0.77,0.14,0.39,1.3
1911,Utah,2000,0.75,0.14,0.4,1.29
1912,Utah,1999,0.74,0.13,0.38,1.25
1913,Utah,1998,0.77,0.13,0.37,1.27
1914,Utah,1997,0.75,0.13,0.39,1.27
1915,Utah,1996,0.73,0.13,0.37,1.23
1916,Utah,1995,0.71,0.11,0.37,1.19
1917,Utah,1994,0.76,0.09,0.38,1.24
1918,Utah,1993,0.78,0.11,0.39,1.28
1919,Utah,1992,0.79,0.12,0.42,1.33
1920,Utah,1991,0.8,0.12,0.43,1.34
1921,Utah,1990,0.8,0.12,0.46,1.39
1922,Utah,1989,0.81,0.13,0.47,1.41
1923,Utah,1988,0.82,0.14,0.48,1.45
1924,Utah,1987,0.84,0.15,0.49,1.49
1925,Utah,1986,0.88,0.16,0.52,1.57
1926,Utah,1985,0.89,0.15,0.53,1.57
1927,Utah,1984,0.89,0.14,0.52,1.55
1928,Utah,1983,0.89,0.14,0.51,1.54
1929,Utah,1982,1.01,0.15,0.55,1.7
1930,Utah,1981,1.02,0.15,0.59,1.75
1931,Utah,1980,0.96,0.14,0.6,1.7
1932,Utah,1979,0.94,0.15,0.59,1.68
1933,Utah,1978,0.93,0.14,0.59,1.66
1934,Utah,1977,0.94,0.13,0.57,1.64
1935,Vermont,2019,1.58,0.75,0.77,3.11
1936,Vermont,2018,1.56,0.78,0.76,3.1
1937,Vermont,2017,1.55,0.8,0.74,3.09
1938,Vermont,2016,1.57,0.79,0.73,3.09
1939,Vermont,2015,1.57,0.78,0.73,3.08
1940,Vermont,2014,1.56,0.78,0.72,3.06
1941,Vermont,2013,1.55,0.74,0.72,3.01
1942,Vermont,2012,1.51,0.7,0.71,2.93
1943,Vermont,2011,1.46,0.68,0.71,2.85
1944,Vermont,2010,1.44,0.64,0.71,2.8
1945,Vermont,2009,1.43,0.64,0.7,2.77
1946,Vermont,2008,1.45,0.63,0.71,2.79
1947,Vermont,2007,1.46,0.62,0.7,2.78
1948,Vermont,2006,1.45,0.6,0.69,2.73
1949,Vermont,2005,1.44,0.57,0.68,2.69
1950,Vermont,2004,1.34,0.55,0.66,2.56
1951,Vermont,2003,1.34,0.52,0.65,2.51
1952,Vermont,2002,1.34,0.51,0.63,2.48
1953,Vermont,2001,1.34,0.48,0.63,2.45
1954,Vermont,2000,1.32,0.49,0.63,2.43
1955,Vermont,1999,1.32,0.48,0.62,2.42
1956,Vermont,1998,1.31,0.46,0.62,2.39
1957,Vermont,1997,1.3,0.45,0.63,2.38
1958,Vermont,1996,1.35,0.43,0.64,2.42
1959,Vermont,1995,1.28,0.41,0.66,2.35
1960,Vermont,1994,1.34,0.42,0.74,2.5
1961,Vermont,1993,1.34,0.44,0.74,2.52
1962,Vermont,1992,1.35,0.44,0.78,2.57
1963,Vermont,1991,1.41,0.46,0.82,2.69
1964,Vermont,1990,1.47,0.48,0.85,2.8
1965,Vermont,1989,1.49,0.53,0.89,2.91
1966,Vermont,1988,1.54,0.57,0.95,3.05
1967,Vermont,1987,1.58,0.59,1.0,3.18
1968,Vermont,1986,1.57,0.6,1.06,3.22
1969,Vermont,1985,1.51,0.56,1.1,3.17
1970,Vermont,1984,1.49,0.49,1.16,3.15
1971,Vermont,1983,1.53,0.5,1.2,3.23
1972,Vermont,1982,1.48,0.5,1.24,3.22
1973,Vermont,1981,1.49,0.5,1.34,3.32
1974,Vermont,1980,1.43,0.48,1.38,3.29
1975,Vermont,1979,1.53,0.46,1.47,3.46
1976,Vermont,1978,1.5,0.46,1.56,3.52
1977,Vermont,1977,1.4,0.44,1.55,3.38
1978,Virginia,2019,0.95,0.49,0.72,2.16
1979,Virginia,2018,0.95,0.49,0.7,2.14
1980,Virginia,2017,0.96,0.49,0.67,2.13
1981,Virginia,2016,1.0,0.49,0.66,2.14
1982,Virginia,2015,1.0,0.48,0.65,2.13
1983,Virginia,2014,1.01,0.47,0.63,2.11
1984,Virginia,2013,1.02,0.46,0.62,2.1
1985,Virginia,2012,1.04,0.46,0.62,2.13
1986,Virginia,2011,1.05,0.46,0.61,2.12
1987,Virginia,2010,1.08,0.44,0.6,2.12
1988,Virginia,2009,1.1,0.42,0.58,2.11
1989,Virginia,2008,1.12,0.42,0.58,2.12
1990,Virginia,2007,1.13,0.41,0.57,2.1
1991,Virginia,2006,1.13,0.39,0.56,2.08
1992,Virginia,2005,1.13,0.38,0.54,2.05
1993,Virginia,2004,1.14,0.37,0.53,2.04
1994,Virginia,2003,1.14,0.36,0.52,2.02
1995,Virginia,2002,1.15,0.34,0.51,2.0
1996,Virginia,2001,1.15,0.32,0.5,1.97
1997,Virginia,2000,1.16,0.31,0.49,1.97
1998,Virginia,1999,1.18,0.32,0.48,1.97
1999,Virginia,1998,1.17,0.3,0.47,1.95
2000,Virginia,1997,1.11,0.29,0.48,1.88
2001,Virginia,1996,1.12,0.3,0.49,1.91
2002,Virginia,1995,1.15,0.29,0.5,1.94
2003,Virginia,1994,1.2,0.27,0.51,1.99
2004,Virginia,1993,1.24,0.27,0.54,2.05
2005,Virginia,1992,1.25,0.28,0.57,2.1
2006,Virginia,1991,1.2,0.28,0.58,2.06
2007,Virginia,1990,1.25,0.3,0.62,2.18
2008,Virginia,1989,1.23,0.31,0.65,2.18
2009,Virginia,1988,1.31,0.25,0.67,2.24
2010,Virginia,1987,1.39,0.25,0.7,2.35
2011,Virginia,1986,1.52,0.27,0.73,2.52
2012,Virginia,1985,1.45,0.3,0.79,2.54
2013,Virginia,1984,1.46,0.29,0.8,2.55
2014,Virginia,1983,1.47,0.27,0.82,2.56
2015,Virginia,1982,1.46,0.27,0.86,2.59
2016,Virginia,1981,1.23,0.27,0.89,2.39
2017,Virginia,1980,1.23,0.25,0.9,2.38
2018,Virginia,1979,1.21,0.25,0.9,2.36
2019,Virginia,1978,1.2,0.21,0.89,2.3
2020,Virginia,1977,1.17,0.21,0.89,2.27
2021,Washington,2019,0.89,0.51,0.82,2.22
2022,Washington,2018,0.91,0.51,0.81,2.23
2023,Washington,2017,0.93,0.52,0.79,2.24
2024,Washington,2016,0.96,0.52,0.78,2.26
2025,Washington,2015,0.97,0.53,0.77,2.26
2026,Washington,2014,0.97,0.53,0.76,2.26
2027,Washington,2013,0.95,0.53,0.76,2.24
2028,Washington,2012,0.96,0.53,0.76,2.25
2029,Washington,2011,0.97,0.53,0.75,2.25
2030,Washington,2010,1.01,0.52,0.73,2.25
2031,Washington,2009,1.1,0.51,0.74,2.34
2032,Washington,2008,1.11,0.5,0.75,2.37
2033,Washington,2007,1.14,0.5,0.74,2.38
2034,Washington,2006,1.08,0.48,0.72,2.28
2035,Washington,2005,1.11,0.55,0.68,2.34
2036,Washington,2004,1.11,0.53,0.66,2.3
2037,Washington,2003,1.07,0.47,0.68,2.21
2038,Washington,2002,1.09,0.43,0.66,2.17
2039,Washington,2001,1.09,0.4,0.65,2.15
2040,Washington,2000,1.11,0.41,0.66,2.18
2041,Washington,1999,1.11,0.4,0.63,2.14
2042,Washington,1998,1.12,0.39,0.63,2.14
2043,Washington,1997,1.09,0.42,0.63,2.15
2044,Washington,1996,1.09,0.4,0.63,2.12
2045,Washington,1995,1.17,0.4,0.63,2.2
2046,Washington,1994,1.18,0.39,0.65,2.23
2047,Washington,1993,1.19,0.39,0.69,2.27
2048,Washington,1992,1.26,0.46,0.72,2.44
2049,Washington,1991,1.23,0.43,0.73,2.39
2050,Washington,1990,1.27,0.46,0.76,2.49
2051,Washington,1989,1.25,0.47,0.76,2.47
2052,Washington,1988,1.23,0.5,0.77,2.51
2053,Washington,1987,1.24,0.56,0.79,2.59
2054,Washington,1986,1.23,0.61,0.82,2.66
2055,Washington,1985,1.21,0.59,0.87,2.67
2056,Washington,1984,1.23,0.57,0.91,2.7
2057,Washington,1983,1.29,0.54,0.94,2.76
2058,Washington,1982,1.32,0.52,0.98,2.83
2059,Washington,1981,1.38,0.54,1.04,2.96
2060,Washington,1980,1.51,0.51,1.08,3.1
2061,Washington,1979,1.39,0.47,1.08,2.94
2062,Washington,1978,1.36,0.47,1.07,2.91
2063,Washington,1977,1.34,0.45,1.06,2.85
2064,West Virginia,2019,1.14,0.11,0.5,1.75
2065,West Virginia,2018,1.15,0.11,0.48,1.74
2066,West Virginia,2017,1.17,0.11,0.46,1.74
2067,West Virginia,2016,1.19,0.11,0.46,1.76
2068,West Virginia,2015,1.21,0.11,0.47,1.78
2069,West Virginia,2014,1.21,0.1,0.47,1.78
2070,West Virginia,2013,1.24,0.1,0.46,1.8
2071,West Virginia,2012,1.24,0.1,0.47,1.8
2072,West Virginia,2011,1.22,0.1,0.46,1.78
2073,West Virginia,2010,1.23,0.1,0.44,1.78
2074,West Virginia,2009,1.23,0.1,0.44,1.77
2075,West Virginia,2008,1.25,0.1,0.43,1.79
2076,West Virginia,2007,1.23,0.1,0.42,1.75
2077,West Virginia,2006,1.21,0.1,0.41,1.72
2078,West Virginia,2005,1.23,0.1,0.4,1.73
2079,West Virginia,2004,1.25,0.1,0.39,1.75
2080,West Virginia,2003,1.23,0.1,0.38,1.72
2081,West Virginia,2002,1.26,0.1,0.38,1.74
2082,West Virginia,2001,1.25,0.1,0.37,1.72
2083,West Virginia,2000,1.24,0.1,0.36,1.7
2084,West Virginia,1999,1.22,0.1,0.37,1.69
2085,West Virginia,1998,1.18,0.09,0.36,1.64
2086,West Virginia,1997,1.12,0.09,0.37,1.58
2087,West Virginia,1996,1.12,0.09,0.37,1.58
2088,West Virginia,1995,1.12,0.08,0.38,1.58
2089,West Virginia,1994,1.17,0.08,0.39,1.64
2090,West Virginia,1993,1.18,0.08,0.4,1.67
2091,West Virginia,1992,1.16,0.09,0.41,1.66
2092,West Virginia,1991,1.18,0.09,0.43,1.7
2093,West Virginia,1990,1.2,0.1,0.42,1.72
2094,West Virginia,1989,1.15,0.11,0.39,1.65
2095,West Virginia,1988,1.15,0.12,0.41,1.68
2096,West Virginia,1987,1.13,0.13,0.41,1.68
2097,West Virginia,1986,1.12,0.13,0.42,1.67
2098,West Virginia,1985,1.13,0.13,0.42,1.69
2099,West Virginia,1984,1.13,0.12,0.45,1.7
2100,West Virginia,1983,1.14,0.13,0.49,1.76
2101,West Virginia,1982,1.11,0.14,0.55,1.8
2102,West Virginia,1981,1.05,0.14,0.65,1.85
2103,West Virginia,1980,1.0,0.09,0.72,1.81
2104,West Virginia,1979,0.94,0.09,0.75,1.77
2105,West Virginia,1978,0.93,0.09,0.76,1.78
2106,West Virginia,1977,0.95,0.09,0.76,1.8
2107,Wisconsin,2019,1.27,0.39,1.29,2.95
2108,Wisconsin,2018,1.29,0.39,1.25,2.94
2109,Wisconsin,2017,1.33,0.4,1.26,2.99
2110,Wisconsin,2016,1.36,0.4,1.22,2.99
2111,Wisconsin,2015,1.39,0.39,1.2,2.98
2112,Wisconsin,2014,1.42,0.38,1.18,2.98
2113,Wisconsin,2013,1.45,0.38,1.17,3.0
2114,Wisconsin,2012,1.46,0.37,1.19,3.02
2115,Wisconsin,2011,1.46,0.37,1.16,2.99
2116,Wisconsin,2010,1.49,0.32,1.13,2.94
2117,Wisconsin,2009,1.49,0.31,1.16,2.96
2118,Wisconsin,2008,1.55,0.34,1.13,3.01
2119,Wisconsin,2007,1.56,0.33,1.11,3.0
2120,Wisconsin,2006,1.58,0.32,1.09,2.99
2121,Wisconsin,2005,1.58,0.31,1.07,2.95
2122,Wisconsin,2004,1.53,0.3,1.02,2.85
2123,Wisconsin,2003,1.53,0.29,1.0,2.82
2124,Wisconsin,2002,1.56,0.28,0.98,2.82
2125,Wisconsin,2001,1.54,0.26,0.95,2.75
2126,Wisconsin,2000,1.53,0.27,0.95,2.76
2127,Wisconsin,1999,1.53,0.26,0.92,2.72
2128,Wisconsin,1998,1.58,0.26,0.9,2.74
2129,Wisconsin,1997,1.57,0.25,0.89,2.71
2130,Wisconsin,1996,1.53,0.24,0.88,2.65
2131,Wisconsin,1995,1.64,0.23,0.87,2.73
2132,Wisconsin,1994,1.58,0.22,0.91,2.72
2133,Wisconsin,1993,1.59,0.22,0.89,2.71
2134,Wisconsin,1992,1.59,0.25,0.9,2.74
2135,Wisconsin,1991,1.65,0.27,0.84,2.76
2136,Wisconsin,1990,1.74,0.31,1.03,3.07
2137,Wisconsin,1989,1.72,0.31,0.96,2.99
2138,Wisconsin,1988,1.76,0.33,0.95,3.05
2139,Wisconsin,1987,1.8,0.36,0.98,3.14
2140,Wisconsin,1986,1.88,0.34,0.96,3.18
2141,Wisconsin,1985,1.83,0.32,1.06,3.2
2142,Wisconsin,1984,1.87,0.31,1.03,3.21
2143,Wisconsin,1983,1.94,0.34,1.07,3.35
2144,Wisconsin,1982,1.95,0.3,1.05,3.3
2145,Wisconsin,1981,1.96,0.32,1.21,3.48
2146,Wisconsin,1980,1.95,0.31,1.19,3.45
2147,Wisconsin,1979,1.92,0.28,1.19,3.39
2148,Wisconsin,1978,1.83,0.28,1.2,3.31
2149,Wisconsin,1977,1.81,0.27,1.28,3.37
2150,Wyoming,2019,1.23,0.31,1.29,2.83
2151,Wyoming,2018,1.22,0.32,1.24,2.78
2152,Wyoming,2017,1.17,0.32,1.19,2.68
2153,Wyoming,2016,1.18,0.32,1.17,2.68
2154,Wyoming,2015,1.25,0.31,1.18,2.74
2155,Wyoming,2014,1.26,0.31,1.16,2.73
2156,Wyoming,2013,1.25,0.29,1.13,2.67
2157,Wyoming,2012,1.32,0.28,1.13,2.73
2158,Wyoming,2011,1.29,0.27,1.1,2.66
2159,Wyoming,2010,1.33,0.27,1.06,2.66
2160,Wyoming,2009,1.4,0.27,1.06,2.73
2161,Wyoming,2008,1.5,0.27,1.09,2.87
2162,Wyoming,2007,1.46,0.27,1.07,2.8
2163,Wyoming,2006,1.44,0.26,1.03,2.72
2164,Wyoming,2005,1.2,0.25,0.96,2.41
2165,Wyoming,2004,1.42,0.24,0.92,2.58
2166,Wyoming,2003,1.7,0.23,0.9,2.84
2167,Wyoming,2002,1.46,0.23,0.88,2.57
2168,Wyoming,2001,1.44,0.22,0.88,2.53
2169,Wyoming,2000,1.42,0.22,0.86,2.5
2170,Wyoming,1999,1.41,0.22,0.84,2.47
2171,Wyoming,1998,1.37,0.17,0.81,2.36
2172,Wyoming,1997,1.42,0.17,0.81,2.4
2173,Wyoming,1996,1.35,0.17,0.81,2.33
2174,Wyoming,1995,1.34,0.16,0.8,2.29
2175,Wyoming,1994,1.42,0.18,0.83,2.43
2176,Wyoming,1993,1.4,0.19,0.86,2.45
2177,Wyoming,1992,1.44,0.2,0.91,2.56
2178,Wyoming,1991,1.45,0.2,0.9,2.56
2179,Wyoming,1990,1.48,0.22,0.93,2.63
2180,Wyoming,1989,1.41,0.23,0.86,2.5
2181,Wyoming,1988,1.45,0.24,0.87,2.56
2182,Wyoming,1987,1.51,0.25,0.9,2.66
2183,Wyoming,1986,1.51,0.27,0.96,2.73
2184,Wyoming,1985,1.59,0.25,1.05,2.89
2185,Wyoming,1984,1.61,0.23,1.06,2.89
2186,Wyoming,1983,1.68,0.22,1.11,3.01
2187,Wyoming,1982,1.78,0.24,1.2,3.22
2188,Wyoming,1981,1.91,0.24,1.27,3.43
2189,Wyoming,1980,1.85,0.24,1.32,3.41
2190,Wyoming,1979,1.86,0.22,1.3,3.39
2191,Wyoming,1978,1.81,0.22,1.35,3.38
2192,Wyoming,1977,1.78,0.2,1.31,3.29
